Accession_ID,Full_FASTA,Seq_Length,Padded_FASTA
ONI07761,MWENTLSDRIYDTYYIQLGAEFVGTFILMFAASAGPIVNQKYNGAETLIGNAACAGLGVMIVILSTGHISGAHLNPSLTIAFAALRHFPWVQVPAYIAAQVSGSICASFALKGAFHPYMSGGTTVPTVSTGQAFALEFIITFNLLFVVTAVATDTRALGELAGLAVGATVMLNILIAGPSSGGSMNPVRTLGPAVAAGNYTKLWVYLVAPTLGALAGAGTYTAVKLREDEVDEPVREARSFRR,243,------------------------------------------------------------------------------------------MWENTLSDRIYDTYYIQLGAEFVGTFILMFAASAGPIVNQKYNGAETLIGNAACAGLGVMIVILSTGHISGAHLNPSLTIAFAALRHFPWVQVPAYIAAQVSGSICASFALKGAFHPYMSGGTTVPTVSTGQAFALEFIITFNLLFVVTAVATDTRALGELAGLAVGATVMLNILIAGPSSGGSMNPVRTLGPAVAAGNYTKLWVYLVAPTLGALAGAGTYTAVKLREDEVDEPVREARSFRR
ONI07760,MQGFTFPMWENTLSDRIYDTYYIQLGAEFVGTFILMFAASAGPIVNQKYNGAETLIGNAACAGLGVMIVILSTGHISGAHLNPSLTIAFAALRHFPWVQVPAYIAAQVSGSICASFALKGAFHPYMSGGTTVPTVSTGQAFALEFIITFNLLFVVTAVATDTRALGELAGLAVGATVMLNILIAGPSSGGSMNPVRTLGPAVAAGNYTKLWVYLVAPTLGALAGAGTYTAVKLREDEVDEPVREARSFRR,250,-----------------------------------------------------------------------------------MQGFTFPMWENTLSDRIYDTYYIQLGAEFVGTFILMFAASAGPIVNQKYNGAETLIGNAACAGLGVMIVILSTGHISGAHLNPSLTIAFAALRHFPWVQVPAYIAAQVSGSICASFALKGAFHPYMSGGTTVPTVSTGQAFALEFIITFNLLFVVTAVATDTRALGELAGLAVGATVMLNILIAGPSSGGSMNPVRTLGPAVAAGNYTKLWVYLVAPTLGALAGAGTYTAVKLREDEVDEPVREARSFRR
XP_034217181,MWENTLSDRIYDTYYIQLGAEFVGTFILMFAASAGPIVNQKYSGAETLIGNAACAGLGVMIVILSTGHISGAHLNPSLTIAFAALRHFPWVQVPAYIAAQVSGSICASFALKGAFHPYMSGGTTVPTVSTGQAFALEFIITFNLLFVVTAVATDTRALGELAGLAVGATVMLNILIAGPSSGGSMNPVRTLGPAVAAGNYTKLWVYLVAPTLGALAGAGTYTAVKLREDEVDEPVREARSFRR,243,------------------------------------------------------------------------------------------MWENTLSDRIYDTYYIQLGAEFVGTFILMFAASAGPIVNQKYSGAETLIGNAACAGLGVMIVILSTGHISGAHLNPSLTIAFAALRHFPWVQVPAYIAAQVSGSICASFALKGAFHPYMSGGTTVPTVSTGQAFALEFIITFNLLFVVTAVATDTRALGELAGLAVGATVMLNILIAGPSSGGSMNPVRTLGPAVAAGNYTKLWVYLVAPTLGALAGAGTYTAVKLREDEVDEPVREARSFRR
CAL9030649,MQGFTFPMWENTLSDRTYDAYYIQLGAEFVGTFILMFAASAGPIVNQKYNGAETLIGNAACAGLGVMIVILSTGHISGAHLNPSLTIAFAALRHFPWVQVPAYVAAQVSGSICASFALKGAFHPYMSGGTTVPTVSTGQAFALEFIITFNLLFVVTAVATDTRALGELAGLAVGATVMLNILIAGPSSGGSMNPVRTLGPAVAAGNYTKLWIYLVAPTLGALAGAGTYTAVKLREDEVDEPVRVARSFRR,250,-----------------------------------------------------------------------------------MQGFTFPMWENTLSDRTYDAYYIQLGAEFVGTFILMFAASAGPIVNQKYNGAETLIGNAACAGLGVMIVILSTGHISGAHLNPSLTIAFAALRHFPWVQVPAYVAAQVSGSICASFALKGAFHPYMSGGTTVPTVSTGQAFALEFIITFNLLFVVTAVATDTRALGELAGLAVGATVMLNILIAGPSSGGSMNPVRTLGPAVAAGNYTKLWIYLVAPTLGALAGAGTYTAVKLREDEVDEPVRVARSFRR
CAB4280367,MPRCKCLPVNAPTWGQSHTCFTDFPTPTVSLTRKLGAEFVGTFILMFAASAGPIVNQKYNGAETLIGNAACAGLGVMIVILSTGHISGAHLNPSLTIAFAALRHFPWVQVPAYIAAQVSGSICASFALKGAFHPYMSGGTTVPTVSTGQAFALEFIITFNLLFVVTAVATDTRALGELAGLAVGATVMLNILIAGPSSGGSMNPVRTLGPAVAAGNYTKLWIYLVAPTLGALAGAGTYTAVKLREDEVDEPVREARSFRR,260,-------------------------------------------------------------------------MPRCKCLPVNAPTWGQSHTCFTDFPTPTVSLTRKLGAEFVGTFILMFAASAGPIVNQKYNGAETLIGNAACAGLGVMIVILSTGHISGAHLNPSLTIAFAALRHFPWVQVPAYIAAQVSGSICASFALKGAFHPYMSGGTTVPTVSTGQAFALEFIITFNLLFVVTAVATDTRALGELAGLAVGATVMLNILIAGPSSGGSMNPVRTLGPAVAAGNYTKLWIYLVAPTLGALAGAGTYTAVKLREDEVDEPVREARSFRR
XP_007209472,MPESEPVTPSASAPATPGTPAPLFSGLRVDSMSYDRKSMPRCKCLPVNAPTWGQSHTCFTDFPTPTVSLTRKLGAEFVGTFILMFAASAGPIVNQKYNGAETLIGNAACAGLGVMIVILSTGHISGAHLNPSLTIAFAALRHFPWVQVPAYIAAQVSGSICASFALKGAFHPYMSGGTTVPTVSTGQAFALEFIITFNLLFVVTAVATDTRALGELAGLAVGATVMLNILIAGPSSGGSMNPVRTLGPAVAAGNYTKLWVYLVAPTLGALAGAGTYTAVKLREDEVDEPVREARSFRR,298,-----------------------------------MPESEPVTPSASAPATPGTPAPLFSGLRVDSMSYDRKSMPRCKCLPVNAPTWGQSHTCFTDFPTPTVSLTRKLGAEFVGTFILMFAASAGPIVNQKYNGAETLIGNAACAGLGVMIVILSTGHISGAHLNPSLTIAFAALRHFPWVQVPAYIAAQVSGSICASFALKGAFHPYMSGGTTVPTVSTGQAFALEFIITFNLLFVVTAVATDTRALGELAGLAVGATVMLNILIAGPSSGGSMNPVRTLGPAVAAGNYTKLWVYLVAPTLGALAGAGTYTAVKLREDEVDEPVREARSFRR
XP_008239293,MPESEPVTPSASAPATPGTPAPLFSGPRVDSMSYDRKSMPRCKCLPVNARTWGQSHTCFTDFPTPTVSLTRKLGAEFVGTFILMFAASAGPIVNQKYNGAETLIGNAACAGLGVMIVILSTGHISGAHLNPSLTIAFAALRHFPWVQVPAYIAAQVSGSICASFALKGAFHPYMSGGTTVPTVSTGQAFALEFIITFNLLFVVTAVATDTRALGELAGLAVGATVMLNILIAGPSSGGSMNPVRTLGPAVAAGNYTKLWIYLVAPTLGALAGAGTYTAVKLREDEVDEPVREARSFRR,298,-----------------------------------MPESEPVTPSASAPATPGTPAPLFSGPRVDSMSYDRKSMPRCKCLPVNARTWGQSHTCFTDFPTPTVSLTRKLGAEFVGTFILMFAASAGPIVNQKYNGAETLIGNAACAGLGVMIVILSTGHISGAHLNPSLTIAFAALRHFPWVQVPAYIAAQVSGSICASFALKGAFHPYMSGGTTVPTVSTGQAFALEFIITFNLLFVVTAVATDTRALGELAGLAVGATVMLNILIAGPSSGGSMNPVRTLGPAVAAGNYTKLWIYLVAPTLGALAGAGTYTAVKLREDEVDEPVREARSFRR
CAB4310780,MPESEPVTPSASAPATPGTPVPLFSGPRVDSMSYDRKSMPRCKCLPVNAPTWGQSHTCFTDFPTPTVSLTRKLGAEFVGTFILMFAASAGPIVNQKYNGAETLIGNAACAGLGVMIVILSTGHISGAHLNPSLTIAFAALRHFPWVQVPAYIAAQVSGSICASFALKGAFHPYMSGGTTVPTVSTGQAFALEFIITFNLLFVVTAVATDTRALGELAGLAVGATVMLNILIAGPSSGGSMNPVRTLGPAVAAGNYTKLWIYLVAPTLGALAGAGTYTAVKLREDEVDEPVREARSFRR,298,-----------------------------------MPESEPVTPSASAPATPGTPVPLFSGPRVDSMSYDRKSMPRCKCLPVNAPTWGQSHTCFTDFPTPTVSLTRKLGAEFVGTFILMFAASAGPIVNQKYNGAETLIGNAACAGLGVMIVILSTGHISGAHLNPSLTIAFAALRHFPWVQVPAYIAAQVSGSICASFALKGAFHPYMSGGTTVPTVSTGQAFALEFIITFNLLFVVTAVATDTRALGELAGLAVGATVMLNILIAGPSSGGSMNPVRTLGPAVAAGNYTKLWIYLVAPTLGALAGAGTYTAVKLREDEVDEPVREARSFRR
BBH03573,KKPKKKKKKLGMPESEPVTPSASAPATPGTPAPLFSGLRVDSMSYDRKSMPRCKCLPVNAPTWGQSHTCFTDFPTPTVSLTRKLGAEFVGTFILMFAASAGPIVNQKYSGAETLIGNAACAGLGVMIVILSTGHISGAHLNPSLTIAFAALRHFPWVQVPAYIAAQVSGSICASFALKGAFHPYMSGGTTVPTVSTGQAFALEFIITFNLLFVVTAVATDTRALGELAGLAVGATVMLNILIAGPSSGGSMNPVRTLGPAVAAGNYTKLWVYLVAPTLGALAGAGTYTAVKLREDEVDEPVREARSFRR,309,------------------------KKPKKKKKKLGMPESEPVTPSASAPATPGTPAPLFSGLRVDSMSYDRKSMPRCKCLPVNAPTWGQSHTCFTDFPTPTVSLTRKLGAEFVGTFILMFAASAGPIVNQKYSGAETLIGNAACAGLGVMIVILSTGHISGAHLNPSLTIAFAALRHFPWVQVPAYIAAQVSGSICASFALKGAFHPYMSGGTTVPTVSTGQAFALEFIITFNLLFVVTAVATDTRALGELAGLAVGATVMLNILIAGPSSGGSMNPVRTLGPAVAAGNYTKLWVYLVAPTLGALAGAGTYTAVKLREDEVDEPVREARSFRR
XP_034217179,MPESEPVTPSASAPATPGTPAPLFSGLRVDSMSYDRKSMPRCKCLPVNAPTWGQSHTCFTDFPTPTVSLTRKLGAEFVGTFILMFAASAGPIVNQKYSGAETLIGNAACAGLGVMIVILSTGHISGAHLNPSLTIAFAALRHFPWVQVPAYIAAQVSGSICASFALKGAFHPYMSGGTTVPTVSTGQAFALEFIITFNLLFVVTAVATDTRALGELAGLAVGATVMLNILIAGPSSGGSMNPVRTLGPAVAAGNYTKLWVYLVAPTLGALAGAGTYTAVKLREDEVDEPVREARSFRR,298,-----------------------------------MPESEPVTPSASAPATPGTPAPLFSGLRVDSMSYDRKSMPRCKCLPVNAPTWGQSHTCFTDFPTPTVSLTRKLGAEFVGTFILMFAASAGPIVNQKYSGAETLIGNAACAGLGVMIVILSTGHISGAHLNPSLTIAFAALRHFPWVQVPAYIAAQVSGSICASFALKGAFHPYMSGGTTVPTVSTGQAFALEFIITFNLLFVVTAVATDTRALGELAGLAVGATVMLNILIAGPSSGGSMNPVRTLGPAVAAGNYTKLWVYLVAPTLGALAGAGTYTAVKLREDEVDEPVREARSFRR
AWT24424,MSYDRKSMPRCKCLPVNAPTWGQSHTCFTDFPTPTVSLTRKLGAEFVGTFILMFAASAGPIVNQKYNGAETLIGNAACAGLGVMIVILSTGHISGAHLNPSLTIAFAALRHFPWVQVPAYVAAQVSGSICASFALKGALHPYMSGGTTVPTVSTGQAFALEFIITFNLLFVVTAVATDTRALGELAGLAVGATVMLNILIAGPSSGGSMNPVRTLGPAVAAGNYTKLWIYLVAPTLGALAGAGTYTAVKLREDEVDEPVREARSFRR,267,------------------------------------------------------------------MSYDRKSMPRCKCLPVNAPTWGQSHTCFTDFPTPTVSLTRKLGAEFVGTFILMFAASAGPIVNQKYNGAETLIGNAACAGLGVMIVILSTGHISGAHLNPSLTIAFAALRHFPWVQVPAYVAAQVSGSICASFALKGALHPYMSGGTTVPTVSTGQAFALEFIITFNLLFVVTAVATDTRALGELAGLAVGATVMLNILIAGPSSGGSMNPVRTLGPAVAAGNYTKLWIYLVAPTLGALAGAGTYTAVKLREDEVDEPVREARSFRR
AWT24416,MSYDRKSMPRCKCLPVNAPTWGQSHTCFTDFPTPTVSLTRKLGAEFVGTFILMFAASAGPIVNQKYHGAETLIGNAACAGLGVMIVILSTGHISGAHLNPSLTIAFAALRHFPWVHVPAYIAAQVSGSICASFALKGAFHPYMSGGTTVPTVSTGQAFALEFIITFNLLFVVTAVATDTRALGELAGLAVGATVMLNILIAGPSSGGSMNPVRTLGPAVAAGNYTKLWIYLVAPTLGALAGAGTYTAVKLREDEVDEPVRAARSFRR,267,------------------------------------------------------------------MSYDRKSMPRCKCLPVNAPTWGQSHTCFTDFPTPTVSLTRKLGAEFVGTFILMFAASAGPIVNQKYHGAETLIGNAACAGLGVMIVILSTGHISGAHLNPSLTIAFAALRHFPWVHVPAYIAAQVSGSICASFALKGAFHPYMSGGTTVPTVSTGQAFALEFIITFNLLFVVTAVATDTRALGELAGLAVGATVMLNILIAGPSSGGSMNPVRTLGPAVAAGNYTKLWIYLVAPTLGALAGAGTYTAVKLREDEVDEPVRAARSFRR
XP_021815223,MPESEPVTPSASAPATPGTPALLFAGPRVDSMSYDRKSMPRCKCLPVNAPTWGQSHTCFTDFPTPTVSLTRKLGAEFVGTFILMFAASAGPIVNQKYHGAETLIGNAACAGLGVMIVILSTGHISGAHLNPSLTIAFAALRHFPWVHVPAYIAAQVSGSICASFALKGAFHPYMSGGTTVPTVSTGQAFALEFIITFNLLFVVTAVATDTRALGELAGLAVGATVMLNILIAGPSSGGSMNPVRTLGPAVAAGNYTKLWIYLVAPTLGALAGAGTYTAVKLREDEVDEPVRAARSFRR,298,-----------------------------------MPESEPVTPSASAPATPGTPALLFAGPRVDSMSYDRKSMPRCKCLPVNAPTWGQSHTCFTDFPTPTVSLTRKLGAEFVGTFILMFAASAGPIVNQKYHGAETLIGNAACAGLGVMIVILSTGHISGAHLNPSLTIAFAALRHFPWVHVPAYIAAQVSGSICASFALKGAFHPYMSGGTTVPTVSTGQAFALEFIITFNLLFVVTAVATDTRALGELAGLAVGATVMLNILIAGPSSGGSMNPVRTLGPAVAAGNYTKLWIYLVAPTLGALAGAGTYTAVKLREDEVDEPVRAARSFRR
KAL6280773,MPESEPVTPSASAPATPGTPAPLFAGPRVDSMSYDRKSMPRCKCLPVNAPTWGQSHTCFTDFPTPTVSLTRKLGAEFVGTFILMFAASAGPIVNQKYHGAETLIGNAACAGLGVMIVILSTGHISGAHLNPSLTIAFAALRHFPWVHVPAYIAAQVSGSICASFALKGAFHPYMSGGTTVPTVSTGQAFALEFIITFNLLFVVTAVATDTRALGELAGLAVGATVMLNILIAGPSSGGSMNPVRTLGPAVAAGNYTKLWVYLVAPTLGALAGAGTYTVVKLREDEVDEPVRAARSFRR,298,-----------------------------------MPESEPVTPSASAPATPGTPAPLFAGPRVDSMSYDRKSMPRCKCLPVNAPTWGQSHTCFTDFPTPTVSLTRKLGAEFVGTFILMFAASAGPIVNQKYHGAETLIGNAACAGLGVMIVILSTGHISGAHLNPSLTIAFAALRHFPWVHVPAYIAAQVSGSICASFALKGAFHPYMSGGTTVPTVSTGQAFALEFIITFNLLFVVTAVATDTRALGELAGLAVGATVMLNILIAGPSSGGSMNPVRTLGPAVAAGNYTKLWVYLVAPTLGALAGAGTYTVVKLREDEVDEPVRAARSFRR
XP_068306498,MAESEPVTPSASAPATPGTPLPLFSGPRVDSLSYERKSMPRTKCFPVNAPAWGQSPTCFNEFPTPTVSLTRKLGAEFVGTFILMFAASAGPIVNQKYNGAESLIGNAACAGLGVMIVILSTGHISGAHLNPSLTIAFAALRHFPWVQVPAYIAAQVSASICASFALKGIFHPYMSGGVTVPTVSTGQAFGLEFIITFNLLFVVTAVATDTRALGELAGLAVGATVMLNILIAGPSSGGSMNPVRTLGPAVAAGNYTKLWIYLVAPTLGALAGAATYTAVKLREDEVDAPVREARSFRR,298,-----------------------------------MAESEPVTPSASAPATPGTPLPLFSGPRVDSLSYERKSMPRTKCFPVNAPAWGQSPTCFNEFPTPTVSLTRKLGAEFVGTFILMFAASAGPIVNQKYNGAESLIGNAACAGLGVMIVILSTGHISGAHLNPSLTIAFAALRHFPWVQVPAYIAAQVSASICASFALKGIFHPYMSGGVTVPTVSTGQAFGLEFIITFNLLFVVTAVATDTRALGELAGLAVGATVMLNILIAGPSSGGSMNPVRTLGPAVAAGNYTKLWIYLVAPTLGALAGAATYTAVKLREDEVDAPVREARSFRR
XP_009360260,MAESEPVTPSASAPATPGTPLPLFSGPRVDSLSYERKSMPRTKCFPVNATAWGHSPTCFNEFPTPTVSLTRKLGAEFVGTFILMFAASAGPIVNQKYNGAESLIGNAACAGLGVMIVILSTGHISGAHLNPSLTIAFAALRHFPWVQVPAYIAAQVSASICASFALKGIFHPYMSGGVTVPTVSTGQAFGLEFIITFNLLFVVTAVATDTRALGELAGLAVGATVMLNILIAGPSSGGSMNPVRTLGPAVAAGNYTKLWIYLVAPTLGALAGAATYTAVKLREDEVDAPVREARSFRR,298,-----------------------------------MAESEPVTPSASAPATPGTPLPLFSGPRVDSLSYERKSMPRTKCFPVNATAWGHSPTCFNEFPTPTVSLTRKLGAEFVGTFILMFAASAGPIVNQKYNGAESLIGNAACAGLGVMIVILSTGHISGAHLNPSLTIAFAALRHFPWVQVPAYIAAQVSASICASFALKGIFHPYMSGGVTVPTVSTGQAFGLEFIITFNLLFVVTAVATDTRALGELAGLAVGATVMLNILIAGPSSGGSMNPVRTLGPAVAAGNYTKLWIYLVAPTLGALAGAATYTAVKLREDEVDAPVREARSFRR
XP_008356814,MAESEPVTPSASAPATPGTPLPLFSGPRVDSLSYERKSMPRTKCFPVNATAWGQSPTCFNEFPTPTVSLTRKLGAEFVGTFILMFAASAGPIVNQKYNGAESLIGNAACAGLGVMIVILSTGHISGAHLNPSLTIAFAALRHFPWVQVPAYIAAQVSASICASFALKGIFHPYISGGVTVPTVSTGQAFGLEFIITFNLLFVVTAVATDTRALGELAGLAVGATVMLNILIAGPSSGGSMNPVRTLGPAVAAGNYTKLWIYLVAPTLGALAGAATYTAVKLREDEVDAPVREARSFRR,298,-----------------------------------MAESEPVTPSASAPATPGTPLPLFSGPRVDSLSYERKSMPRTKCFPVNATAWGQSPTCFNEFPTPTVSLTRKLGAEFVGTFILMFAASAGPIVNQKYNGAESLIGNAACAGLGVMIVILSTGHISGAHLNPSLTIAFAALRHFPWVQVPAYIAAQVSASICASFALKGIFHPYISGGVTVPTVSTGQAFGLEFIITFNLLFVVTAVATDTRALGELAGLAVGATVMLNILIAGPSSGGSMNPVRTLGPAVAAGNYTKLWIYLVAPTLGALAGAATYTAVKLREDEVDAPVREARSFRR
XP_050151886,MAETEPVTPSASAPGTPGTPLPLFSGPRVDSLSYERKSMPRTKCFPVNATAWGQSPTCFNEFPTPTVSLTRKLGAEFVGTFILMFAASAGPIVNQKYNGAESLIGNAACAGLGVMIVILSTGHISGAHLNPSLTIAFAALRHFPWVQVPAYIAAQVSASICASFALKGIFHPYMSGGVTVPTVSTGQAFGLEFIITFNLLFVVTAVATDTRALGELAGLAVGATVMLNILIAGPSSGGSMNPVRTLGPAVAAGNYTKLWIYLVAPTLGALAGAATYTTVKLREDEVDAPVREARSFRR,298,-----------------------------------MAETEPVTPSASAPGTPGTPLPLFSGPRVDSLSYERKSMPRTKCFPVNATAWGQSPTCFNEFPTPTVSLTRKLGAEFVGTFILMFAASAGPIVNQKYNGAESLIGNAACAGLGVMIVILSTGHISGAHLNPSLTIAFAALRHFPWVQVPAYIAAQVSASICASFALKGIFHPYMSGGVTVPTVSTGQAFGLEFIITFNLLFVVTAVATDTRALGELAGLAVGATVMLNILIAGPSSGGSMNPVRTLGPAVAAGNYTKLWIYLVAPTLGALAGAATYTTVKLREDEVDAPVREARSFRR
KAM1788486,MAETEPVTPSASAPGTPGTPLPLFSGPRVDSLSYERKSMPRTMCFPVNATAWGQSPTCFNEFPTPTVSLTRKLGAEFVGTFILMFAASAGPIVNQKYNGAESLIGNAACAGLGVMIVILSTGHISGAHLNPSLTIAFAALRHFPWVQVPAYIAAQVSASICASFALKGIFHPYMSGGVTVPTVSTGQAFGLEFIITFNLLFVVTAVATDTRALGELAGLAVGATVMLNILIAGPSSGGSMNPVRTLGPAVAAGNYTKLWIYLVAPTLGALAGAATYTTVKLREDEVDAPVREARSFRR,298,-----------------------------------MAETEPVTPSASAPGTPGTPLPLFSGPRVDSLSYERKSMPRTMCFPVNATAWGQSPTCFNEFPTPTVSLTRKLGAEFVGTFILMFAASAGPIVNQKYNGAESLIGNAACAGLGVMIVILSTGHISGAHLNPSLTIAFAALRHFPWVQVPAYIAAQVSASICASFALKGIFHPYMSGGVTVPTVSTGQAFGLEFIITFNLLFVVTAVATDTRALGELAGLAVGATVMLNILIAGPSSGGSMNPVRTLGPAVAAGNYTKLWIYLVAPTLGALAGAATYTTVKLREDEVDAPVREARSFRR
CAN6578711,MAESEPVTPSASAPATPGTPLPLFSGPRVDSLSYERKSMPRTKCFPVNATAWGQSPTCFNEFPTPTVSLTRKLGAEFVGTFILMFAASAGPIVNQKYNGAESLIGNAACAGLGVMIVILSTGHISGAHLNPSLTIAFAALRHFPWVQVPAYIAAQVSASICASFALKGIFHPYMSGGVTVPTVSTGQAFGLEFIITFNLLFVVTAVATDTRALGELAGLAVGATVMLNILIAGPSSGGSMNPVRTLGPAVAAGNYTKLWIYLVAPTLGALAGAATYTAVKLREHEVDAPVREARSFRR,298,-----------------------------------MAESEPVTPSASAPATPGTPLPLFSGPRVDSLSYERKSMPRTKCFPVNATAWGQSPTCFNEFPTPTVSLTRKLGAEFVGTFILMFAASAGPIVNQKYNGAESLIGNAACAGLGVMIVILSTGHISGAHLNPSLTIAFAALRHFPWVQVPAYIAAQVSASICASFALKGIFHPYMSGGVTVPTVSTGQAFGLEFIITFNLLFVVTAVATDTRALGELAGLAVGATVMLNILIAGPSSGGSMNPVRTLGPAVAAGNYTKLWIYLVAPTLGALAGAATYTAVKLREHEVDAPVREARSFRR
TQD86834,MAESEPVTPSASAPATPGTPLPLFSGPRVDSLSYERKSMPRTKCFPVNATAWGQSPTCFNEFPTPTLGAEFVGTFILMFAASAGPIVNQKYNGAESLIGNAACAGLGVMIVILSTGHISGAHLNPSLTIAFAALRHFPWVQVPAYIAAQVSASICASFALKGIFHPYMSGGVTVPTVSTGQAFGLEFIITFNLLFVVTAVATDTRALGELAGLAVGATVMLNILIAGPSSGGSMNPVRTLGPAVAAGNYTKLWIYLVAPTLGALAGAATYTAVKLREHEVDAPVREARSFRR,292,-----------------------------------------MAESEPVTPSASAPATPGTPLPLFSGPRVDSLSYERKSMPRTKCFPVNATAWGQSPTCFNEFPTPTLGAEFVGTFILMFAASAGPIVNQKYNGAESLIGNAACAGLGVMIVILSTGHISGAHLNPSLTIAFAALRHFPWVQVPAYIAAQVSASICASFALKGIFHPYMSGGVTVPTVSTGQAFGLEFIITFNLLFVVTAVATDTRALGELAGLAVGATVMLNILIAGPSSGGSMNPVRTLGPAVAAGNYTKLWIYLVAPTLGALAGAATYTAVKLREHEVDAPVREARSFRR
XP_009373676,MAESEPVTPSASAPATPGTPLPLFSEPRVDSLSYERKSMPRTKCLPVIAQTWGQSPTCFNEFPTPTVSLSRKVGAEFVGTFILMFAASAGPIVNQKYNGAESLIGNAACAGLGVMIVILSTGHISGAHLNPSLTIAFAALRHFPWVHVPAYIAAQVSGSICASFTLKGVFHPYMSGGVTLPTVSTGQAFGLEFIITFNLLFVVTAVATDTRALGELAGLAVGACVMLNILMAGPSSGGSMNPVRTLGPAVAAGNYTKLWIYLVAPTLGALAGAGTYTAVKLREDEVDAPVRMARSFRR,298,-----------------------------------MAESEPVTPSASAPATPGTPLPLFSEPRVDSLSYERKSMPRTKCLPVIAQTWGQSPTCFNEFPTPTVSLSRKVGAEFVGTFILMFAASAGPIVNQKYNGAESLIGNAACAGLGVMIVILSTGHISGAHLNPSLTIAFAALRHFPWVHVPAYIAAQVSGSICASFTLKGVFHPYMSGGVTLPTVSTGQAFGLEFIITFNLLFVVTAVATDTRALGELAGLAVGACVMLNILMAGPSSGGSMNPVRTLGPAVAAGNYTKLWIYLVAPTLGALAGAGTYTAVKLREDEVDAPVRMARSFRR
KAB2609015,MAESEPVTPSASAPATPGTPLPLFSEPRVDSLSYERKSMPRTKCLPVIATTWGQSPTCFNEFPTPTVSLSRKIGAEFVGTFILMFAASAGPIVNQKYNGAESLIGNAACAGLGVMIVILSTGHISGAHLNPSLTIAFAALRHFPWVHVPAYIAAQVSGSICASFTLKGVFHPYMSGGVTVPTVSAGQAFGLEFIITFNLLFVVTAVATDTRALGELAGLAVGACVMLNILMAGPSSGGSMNPVRTLGPAVAAGNYTKLWIYLVAPTLGALAGAGTYTAVKLREDEVDAPVRMARSFRR,298,-----------------------------------MAESEPVTPSASAPATPGTPLPLFSEPRVDSLSYERKSMPRTKCLPVIATTWGQSPTCFNEFPTPTVSLSRKIGAEFVGTFILMFAASAGPIVNQKYNGAESLIGNAACAGLGVMIVILSTGHISGAHLNPSLTIAFAALRHFPWVHVPAYIAAQVSGSICASFTLKGVFHPYMSGGVTVPTVSAGQAFGLEFIITFNLLFVVTAVATDTRALGELAGLAVGACVMLNILMAGPSSGGSMNPVRTLGPAVAAGNYTKLWIYLVAPTLGALAGAGTYTAVKLREDEVDAPVRMARSFRR
XP_068307214,MAESEPVTPSASAPATPGTPLPLFSEPRVDSLSYERQSMPRTKCLPVIATTWGQSPTCFNEFPTPTVSLSRKLGAEFVGTFILMFAASAGPIVNQKYNGAESLIGNAACAGLGVMIVILSTGHISGAHLNPSLTIAFAALRHFPWVHVPAYIAAQVSGSICASFTLKGVFHPYMSGGVTVPTVSAGQAFGLEFIITFNLLFVVTAVATDTRALGELAGLAVGACVMLNILMAGPSSGGSMNPVRTLGPAVAAGNYTKLWIYLVAPTLGALAGAGTYTAVKLRQDEVDAPVRMARSFRR,298,-----------------------------------MAESEPVTPSASAPATPGTPLPLFSEPRVDSLSYERQSMPRTKCLPVIATTWGQSPTCFNEFPTPTVSLSRKLGAEFVGTFILMFAASAGPIVNQKYNGAESLIGNAACAGLGVMIVILSTGHISGAHLNPSLTIAFAALRHFPWVHVPAYIAAQVSGSICASFTLKGVFHPYMSGGVTVPTVSAGQAFGLEFIITFNLLFVVTAVATDTRALGELAGLAVGACVMLNILMAGPSSGGSMNPVRTLGPAVAAGNYTKLWIYLVAPTLGALAGAGTYTAVKLRQDEVDAPVRMARSFRR
KAM1209349,MAESEPVTPSASAPATPGTPLPLFSEPRVDSLSYERKSMPRTKCLPVIAPTWGQSPNCFNEFPTPTVSLSRKVGAEFVGTFILMFAASAGPIVNQKYNGAESLIGNAACAGLGVMIVILSTGHISGAHLNPSLTIAFAALRHFPWLHVPAYIAAQVSGSICASFTLKGVLHPYMSGGVTVPTVSTGQAFGLEFIITFNLLFVVTAVATDTRALGELAGLAVGACVMLNILMAGPSSGGSMNPVRTLGPAIAAGNYTKLWIYLVAPTLGAVAGAGTYTAVKLREDEVDAPVRMARSFRR,298,-----------------------------------MAESEPVTPSASAPATPGTPLPLFSEPRVDSLSYERKSMPRTKCLPVIAPTWGQSPNCFNEFPTPTVSLSRKVGAEFVGTFILMFAASAGPIVNQKYNGAESLIGNAACAGLGVMIVILSTGHISGAHLNPSLTIAFAALRHFPWLHVPAYIAAQVSGSICASFTLKGVLHPYMSGGVTVPTVSTGQAFGLEFIITFNLLFVVTAVATDTRALGELAGLAVGACVMLNILMAGPSSGGSMNPVRTLGPAIAAGNYTKLWIYLVAPTLGAVAGAGTYTAVKLREDEVDAPVRMARSFRR
KAM2228074,MAESEPVTPSASAPATPGTPLPLFSEPRVDSLSYERKSMPRTKCLPVIAPTWGQSPNCFNEFPTPTVSLSRKVGAEFVGTFILMFAASAGPIVNQKYNGAESLIGNAACAGLGVMIVILSTGHISGAHLNPSLTIAFAALRHFPWLHVPAYIAAQVSGSICASFTLKGVLHPYMSGGVTVPTVSTGQAFGLEFIITFNLLFVVTAVATDTRALGELAGLAVGACVMLNILMAGPSSGGSMNPVRTLGPAIAAGNYTKLWIYLAAPTLGALAGAGTYTAVKLREDEVDAPVRMARSFRR,298,-----------------------------------MAESEPVTPSASAPATPGTPLPLFSEPRVDSLSYERKSMPRTKCLPVIAPTWGQSPNCFNEFPTPTVSLSRKVGAEFVGTFILMFAASAGPIVNQKYNGAESLIGNAACAGLGVMIVILSTGHISGAHLNPSLTIAFAALRHFPWLHVPAYIAAQVSGSICASFTLKGVLHPYMSGGVTVPTVSTGQAFGLEFIITFNLLFVVTAVATDTRALGELAGLAVGACVMLNILMAGPSSGGSMNPVRTLGPAIAAGNYTKLWIYLAAPTLGALAGAGTYTAVKLREDEVDAPVRMARSFRR
XP_008360732,MAESEPVTPSASAPATPGTPLPLFSEPRVDSLSYERKSMPRTKCLPVIAPTWGQSPNCFNEFPTPTVSLSRKVGAEFVGTFILMFAASAGPIVNQKYNGAESLIGNAACAGLGVMIVILSTGHISGAHLNPSLTIAFAALRHFPWLHVPAYIAAQVLGSICASFTLKGVLHPYMSGGVTVPTVSTGQAFGLEFIITFNLLFVVTAVATDTRALGELAGLAVGACVMLNILMAGPSSGGSMNPVRTLGPAIAAGNYTKLWIYLVAPTLGAVAGAGTYTAVKLREDEVDAPVRMARSFRR,298,-----------------------------------MAESEPVTPSASAPATPGTPLPLFSEPRVDSLSYERKSMPRTKCLPVIAPTWGQSPNCFNEFPTPTVSLSRKVGAEFVGTFILMFAASAGPIVNQKYNGAESLIGNAACAGLGVMIVILSTGHISGAHLNPSLTIAFAALRHFPWLHVPAYIAAQVLGSICASFTLKGVLHPYMSGGVTVPTVSTGQAFGLEFIITFNLLFVVTAVATDTRALGELAGLAVGACVMLNILMAGPSSGGSMNPVRTLGPAIAAGNYTKLWIYLVAPTLGAVAGAGTYTAVKLREDEVDAPVRMARSFRR
TQE12841,MAESEPVTPSASAPATPGTPLPLFSEPRVDSLSYERKSMPRTKCLPVIAPTWGQSPNCFNEFPTPTVSLSRKVGAEFVGTFILMFAASAGPIVNQKYNGAESLIGNAACAGLGVMIVILSTGHISGAHLNPSLTIAFAALRHFPWLHVPAYIAAQVSGSICASFTLKGVLHPYMSGGVTVPTVNTGQAFGLEFIITFNLLFVVTAVATDTRALGELAGLAVGACVMLNILMAGPSSGGSMNPVRSLGPAIAAGIYTKLWIYMVAPTLGALAGAGAYTAVKLREDEVDAPVRMARSFRR,298,-----------------------------------MAESEPVTPSASAPATPGTPLPLFSEPRVDSLSYERKSMPRTKCLPVIAPTWGQSPNCFNEFPTPTVSLSRKVGAEFVGTFILMFAASAGPIVNQKYNGAESLIGNAACAGLGVMIVILSTGHISGAHLNPSLTIAFAALRHFPWLHVPAYIAAQVSGSICASFTLKGVLHPYMSGGVTVPTVNTGQAFGLEFIITFNLLFVVTAVATDTRALGELAGLAVGACVMLNILMAGPSSGGSMNPVRSLGPAIAAGIYTKLWIYMVAPTLGALAGAGAYTAVKLREDEVDAPVRMARSFRR
CAN6585698,MAESESVTPSASAPATPGTPLPLFSEPRVDSLSYERKSMPRNKCLPVIAPTWGQSPNCFNEFPTPTVSLSRKVGAEFVGTFILMFAASAGPIVNQKYNGAESLIGNAACAGLGVMIVILSTGHISGAHLNPSLTIAFAALRHFPWVHVPAYIAAQVSGSICASYTLKGVLHPYMSGGVTVPTVNTGQAFGLEFIITFNLLFVVTAVATDTRALGELAGLAVGACVMLNILMAGPSSGGSMNPVRSLGPAIAAGIYTKLWIYMVAPTLGALAGAGAYTAVKLREDEVDAPVRMARSFRR,298,-----------------------------------MAESESVTPSASAPATPGTPLPLFSEPRVDSLSYERKSMPRNKCLPVIAPTWGQSPNCFNEFPTPTVSLSRKVGAEFVGTFILMFAASAGPIVNQKYNGAESLIGNAACAGLGVMIVILSTGHISGAHLNPSLTIAFAALRHFPWVHVPAYIAAQVSGSICASYTLKGVLHPYMSGGVTVPTVNTGQAFGLEFIITFNLLFVVTAVATDTRALGELAGLAVGACVMLNILMAGPSSGGSMNPVRSLGPAIAAGIYTKLWIYMVAPTLGALAGAGAYTAVKLREDEVDAPVRMARSFRR
XP_011470849,MVGREHDELRKTKSNPKIYIMHYINQNLFCCHEIHIGAEFVGTFILMFAATAGPIVNQKYNGAESLIGNAACAGLGVMIVILSTGHISGAHLNPSLTIAFACLRHFPWTQVPAYIAAQVSASICACFALKGVYHPYMSGGVTVPSVSDGQAFALEFIITFNLLFVVTAVATDTRAVGELAGLAVGATVMLNILIAGPSSGGSMNPVRTLGPAVAAGNYRALWIYLVAPTLGALAGAGTYTAVKLQGDEIGAPAREVRSFRR,261,------------------------------------------------------------------------MVGREHDELRKTKSNPKIYIMHYINQNLFCCHEIHIGAEFVGTFILMFAATAGPIVNQKYNGAESLIGNAACAGLGVMIVILSTGHISGAHLNPSLTIAFACLRHFPWTQVPAYIAAQVSASICACFALKGVYHPYMSGGVTVPSVSDGQAFALEFIITFNLLFVVTAVATDTRAVGELAGLAVGATVMLNILIAGPSSGGSMNPVRTLGPAVAAGNYRALWIYLVAPTLGALAGAGTYTAVKLQGDEIGAPAREVRSFRR
CAN6718344,MRREEKREKVEEKGREENREMVEEMGRKDEEKWEEMAESESVTPSASAPATPGTPLPLFSEPRVDSLSYERKSMPRTKCLPVIAPTWGQSPNCFNEFPTPTVSLSRKVGAEFVGTFILMFAASAGPIVNQKYNGAESLIGNAACAGLGVMIVILSTGHISGAHLNPSLTIAFAALRHFPWVHVPAYIAAQVSGSICASYTLKGVLHPYMSGGVTVPTVNTGQAFGLEFIITFNLLFVVTAVATDTRALGELAGLAVGACVMLNILMAGPSSGGSMNPVRSLGPAIAAGIYTKLWIYMVAPTLGALAGAGAYTAVKLREDEVDAPVRMARSFRR,333,MRREEKREKVEEKGREENREMVEEMGRKDEEKWEEMAESESVTPSASAPATPGTPLPLFSEPRVDSLSYERKSMPRTKCLPVIAPTWGQSPNCFNEFPTPTVSLSRKVGAEFVGTFILMFAASAGPIVNQKYNGAESLIGNAACAGLGVMIVILSTGHISGAHLNPSLTIAFAALRHFPWVHVPAYIAAQVSGSICASYTLKGVLHPYMSGGVTVPTVNTGQAFGLEFIITFNLLFVVTAVATDTRALGELAGLAVGACVMLNILMAGPSSGGSMNPVRSLGPAIAAGIYTKLWIYMVAPTLGALAGAGAYTAVKLREDEVDAPVRMARSFRR
XMD53737,MPEYEPGTPPVSAPPTPGTPAPLFSGLVGRVDSLSYDRKSMPRCNSCLPVNAPTWGQPHTCFTDFPSPDVSLTRKGGLSFSNRLGQIFTNSVSNKDIERMHIGAEFVGTFILMFAATAGPIVNQKYNGAESLIGNAACAGLGVMIVILSTGHISGAHLNPSLTIAFACLRHFPWTQVPAYIAAQVSASICACFALKGVYHPYMSGGVTVPSVSDGQAFALEFIITFNLLFVVTAVATDTRAVGELAGLAVGATVMLNILIAGPSSGGSMNPVRTLGPAVAAGNYRALWIYLVAPTLGALAGAGTYTAVKLQGDEIGAPAREVRSFRR,327,------MPEYEPGTPPVSAPPTPGTPAPLFSGLVGRVDSLSYDRKSMPRCNSCLPVNAPTWGQPHTCFTDFPSPDVSLTRKGGLSFSNRLGQIFTNSVSNKDIERMHIGAEFVGTFILMFAATAGPIVNQKYNGAESLIGNAACAGLGVMIVILSTGHISGAHLNPSLTIAFACLRHFPWTQVPAYIAAQVSASICACFALKGVYHPYMSGGVTVPSVSDGQAFALEFIITFNLLFVVTAVATDTRAVGELAGLAVGATVMLNILIAGPSSGGSMNPVRTLGPAVAAGNYRALWIYLVAPTLGALAGAGTYTAVKLQGDEIGAPAREVRSFRR
XP_024171043,MPESEQGTPPVSAPATPGTPAPLFSGLVGRVDSLSYDRKSMPRCNKCLPVNAPTWGEPHTCFTDFPTPDVSLTRKIGAEFVGTFILMFAATAGPIVNQKYNGAESLIGNAACAGLGVMIVILSTGHISGAHLNPSLTIAFACLRHFPWTQVPAYIAAQVSASICACFALKGVYHPYMSGGVTVPSVSDGQAFALEFIITFNLLFVVTAVATDTRAVGELAGLAVGATVMLNILIAGPSSGGSMNPVRTLGPAVAAGNYRALWIYLVAPTLGALAGAGTYTAVKLRGDEIGSPTREVRSFRR,301,--------------------------------MPESEQGTPPVSAPATPGTPAPLFSGLVGRVDSLSYDRKSMPRCNKCLPVNAPTWGEPHTCFTDFPTPDVSLTRKIGAEFVGTFILMFAATAGPIVNQKYNGAESLIGNAACAGLGVMIVILSTGHISGAHLNPSLTIAFACLRHFPWTQVPAYIAAQVSASICACFALKGVYHPYMSGGVTVPSVSDGQAFALEFIITFNLLFVVTAVATDTRAVGELAGLAVGATVMLNILIAGPSSGGSMNPVRTLGPAVAAGNYRALWIYLVAPTLGALAGAGTYTAVKLRGDEIGSPTREVRSFRR
KAL0016202,MPESEAGTPPVSAPATPGTPAPLFSSLHVDSMSYDRKSMPRCKCLPVNAPTWGHPHTCFTDFPAPDISLTRKLGAEFVGTFILIFAAAAGPIVNQKYNGAESLIGNAACAGLAVMVVILSTGHISGAHLNPSLTIAFAALRHFPWVQVPAYIAAQVSASICASFALKGVFHPFMSGGTTVPSVSTGQAFALEFIITFNLLFVVTAVATDTRAVGELAGIAVGATVMLNILISGPASGGSMNPVRTLGPAVAAGNYKDLWVFLVAPTLGALAGAGTYTLVKLREGDVVEPPREVRSFRR,298,-----------------------------------MPESEAGTPPVSAPATPGTPAPLFSSLHVDSMSYDRKSMPRCKCLPVNAPTWGHPHTCFTDFPAPDISLTRKLGAEFVGTFILIFAAAAGPIVNQKYNGAESLIGNAACAGLAVMVVILSTGHISGAHLNPSLTIAFAALRHFPWVQVPAYIAAQVSASICASFALKGVFHPFMSGGTTVPSVSTGQAFALEFIITFNLLFVVTAVATDTRAVGELAGIAVGATVMLNILISGPASGGSMNPVRTLGPAVAAGNYKDLWVFLVAPTLGALAGAGTYTLVKLREGDVVEPPREVRSFRR
KAK9926485,MPESEPGTPTVSAPATPETPAPLFSGLRVDSLSYDRKSMPRCKCLPVNAPTWGQPHTCFTDIPTPDVSLTRKVGAEFVGTFILMFAATAGPIVNQKYNGAETLIGNAACAGLGVMIVILSTGHISGAHLNPSLTIAFACLRHFPWTQVPAYIAAQVSASICAGFALKGIYHPYMSGGVTVPSVSHGQAFALEFVITFNLLFVVTAVATDTRAVGELAGLAVGATVMLNILIAGPTSGGSMNPVRTLGPAVAAGNYRALWIYLVAPTLGALAGAGTYTAVKLKGDELEAPVREVRSFRR,298,-----------------------------------MPESEPGTPTVSAPATPETPAPLFSGLRVDSLSYDRKSMPRCKCLPVNAPTWGQPHTCFTDIPTPDVSLTRKVGAEFVGTFILMFAATAGPIVNQKYNGAETLIGNAACAGLGVMIVILSTGHISGAHLNPSLTIAFACLRHFPWTQVPAYIAAQVSASICAGFALKGIYHPYMSGGVTVPSVSHGQAFALEFVITFNLLFVVTAVATDTRAVGELAGLAVGATVMLNILIAGPTSGGSMNPVRTLGPAVAAGNYRALWIYLVAPTLGALAGAGTYTAVKLKGDELEAPVREVRSFRR
KAJ6423066,MQLGAEFVGTFILIFAATAGPIVNQKYNNAETLIGNAACAGLAVMIIILSTGHISGAHLNPSLTIAFAALRHFPWVQVPAYIAAQVSASICASFALKGVFHPFMSGGVTVPSVSTGQAFALEFLITFNLLFVVTAVATDTRAVGELAGIAVGATVMLNILVAGPSSGGSMNPVRTLGPAVAAGNYKDIWIYLVAPTLGALVGAATYTAVKLRDEEADPPRQVRSFRR,227,----------------------------------------------------------------------------------------------------------MQLGAEFVGTFILIFAATAGPIVNQKYNNAETLIGNAACAGLAVMIIILSTGHISGAHLNPSLTIAFAALRHFPWVQVPAYIAAQVSASICASFALKGVFHPFMSGGVTVPSVSTGQAFALEFLITFNLLFVVTAVATDTRAVGELAGIAVGATVMLNILVAGPSSGGSMNPVRTLGPAVAAGNYKDIWIYLVAPTLGALVGAATYTAVKLRDEEADPPRQVRSFRR
XP_062026777,MPESEPGTPPVSAPATPGTPAPLFSGLVGRVDSLSYDRKSMPRCNKCLPVNAPTWGQPHSCFTDFPTPDVSLTRKLGAEFVGTFILMFAATAGPIVNQKYNGAESLIGNAACAGLGVMIVILSTGHISGAHLNPSLTIAFACLRHFPWTQVPAYIAAQVSASICACFALKGVYHPYMSGGVTVPSVSDGQAFALEFIITFNLLFVVTAVATDTRAVGELAGLAVGATVMLNILIAGPSSGGSMNPVRTLGPAVAAGNYRALWIYLVAPTLGALAGAGTYTAVKLQGDEIGAPTREVRSFRR,301,--------------------------------MPESEPGTPPVSAPATPGTPAPLFSGLVGRVDSLSYDRKSMPRCNKCLPVNAPTWGQPHSCFTDFPTPDVSLTRKLGAEFVGTFILMFAATAGPIVNQKYNGAESLIGNAACAGLGVMIVILSTGHISGAHLNPSLTIAFACLRHFPWTQVPAYIAAQVSASICACFALKGVYHPYMSGGVTVPSVSDGQAFALEFIITFNLLFVVTAVATDTRAVGELAGLAVGATVMLNILIAGPSSGGSMNPVRTLGPAVAAGNYRALWIYLVAPTLGALAGAGTYTAVKLQGDEIGAPTREVRSFRR
KAJ8763791,MPEKVDPETPAASAPATPGTPGGPLMTSMRVDSLSYDRKSMPRCKCLPVNAPTGGQPHMCFADFPAPDVTLTRKLGAEFVGTFILIFAATAGPIVNQKYGGAESLIGNAACAGLAVMIIILSTGHISGAHLNPSLTIAFAALRHFPWVQVPAYIAAQVSASICASFALKGVFHPFMSGGVTIPSVSSGQAFALEFLITFNLLFVVTAVATDTRAVGELAGIAVGATVMLNILVAGPSSGGSMNPVRTLGPAVAAGNYKSLWIYLIAPTLGALAGAGTYTAVKLREDEADPPRQVRSFRR,299,----------------------------------MPEKVDPETPAASAPATPGTPGGPLMTSMRVDSLSYDRKSMPRCKCLPVNAPTGGQPHMCFADFPAPDVTLTRKLGAEFVGTFILIFAATAGPIVNQKYGGAESLIGNAACAGLAVMIIILSTGHISGAHLNPSLTIAFAALRHFPWVQVPAYIAAQVSASICASFALKGVFHPFMSGGVTIPSVSSGQAFALEFLITFNLLFVVTAVATDTRAVGELAGIAVGATVMLNILVAGPSSGGSMNPVRTLGPAVAAGNYKSLWIYLIAPTLGALAGAGTYTAVKLREDEADPPRQVRSFRR
XP_004309493,MPEYEPGTPPVSAPPTPGTPAPLFSGLVGRVDSLSYDRKSMPRCNSCLPVNAPTWGQPHTCFTDFPSPDVSLTRKIGAEFVGTFILMFAATAGPIVNQKYNGAESLIGNAACAGLGVMIVILSTGHISGAHLNPSLTIAFACLRHFPWTQVPAYIAAQVSASICACFALKGVYHPYMSGGVTVPSVSDGQAFALEFIITFNLLFVVTAVATDTRAVGELAGLAVGATVMLNILIAGPSSGGSMNPVRTLGPAVAAGNYRALWIYLVAPTLGALAGAGTYTAVKLQGDEIGAPAREVRSFRR,301,--------------------------------MPEYEPGTPPVSAPPTPGTPAPLFSGLVGRVDSLSYDRKSMPRCNSCLPVNAPTWGQPHTCFTDFPSPDVSLTRKIGAEFVGTFILMFAATAGPIVNQKYNGAESLIGNAACAGLGVMIVILSTGHISGAHLNPSLTIAFACLRHFPWTQVPAYIAAQVSASICACFALKGVYHPYMSGGVTVPSVSDGQAFALEFIITFNLLFVVTAVATDTRAVGELAGLAVGATVMLNILIAGPSSGGSMNPVRTLGPAVAAGNYRALWIYLVAPTLGALAGAGTYTAVKLQGDEIGAPAREVRSFRR
XP_002518973,MPESEAGTPTVSAPNTPGTPGGPLFSALRIDSLSYDRKSMPRCKCFPVNAPTFGPPHTCFTDFPAPDISLTRKLGAEFVGTFILIFAATAGPIVNQKYNGVETLIGNAACAGLAVMIIILSTGHISGAHLNPSLTIAFAALRHFPWVQVPAYIAAQVSASICASFALKGVFHPFMSGGVTVPSVSTGQAFALEFLITFNLLFVVTAVATDTRAVGELAGIAVGATVMLNILVAGPSSGGSMNPVRTLGPAVAAGNYRALWIYLVAPTLGAIAGAGTYSAVKLREEEVDPPRPVRSFRR,298,-----------------------------------MPESEAGTPTVSAPNTPGTPGGPLFSALRIDSLSYDRKSMPRCKCFPVNAPTFGPPHTCFTDFPAPDISLTRKLGAEFVGTFILIFAATAGPIVNQKYNGVETLIGNAACAGLAVMIIILSTGHISGAHLNPSLTIAFAALRHFPWVQVPAYIAAQVSASICASFALKGVFHPFMSGGVTVPSVSTGQAFALEFLITFNLLFVVTAVATDTRAVGELAGIAVGATVMLNILVAGPSSGGSMNPVRTLGPAVAAGNYRALWIYLVAPTLGAIAGAGTYSAVKLREEEVDPPRPVRSFRR
XP_038875525,MPESESGTPVASAPATPGTPGGPLFSGLRVDSLSYDRKSMPRCKCLPVNAPTWGQPHTCFTDFPAPDVSLTRKLGAEFVGTFILIFAATAGPIVNQKYNGVETLIGNAACAGLAVMIVILSTGHISGAHLNPSLTIAFAALRHFPWVQVPAYIAAQVSASICASFALKGVFHPFMSGGVTVPSVSTGQAFALEFIITFNLLFVVTAVATDTRAVGELAGIAVGATVMLNILVAGPSSGGSMNPVRTLGPAVAAGNYRALWVYLVAPTLGAIVGAGTYTAVKLREDEVEAPSQVRSFRR,298,-----------------------------------MPESESGTPVASAPATPGTPGGPLFSGLRVDSLSYDRKSMPRCKCLPVNAPTWGQPHTCFTDFPAPDVSLTRKLGAEFVGTFILIFAATAGPIVNQKYNGVETLIGNAACAGLAVMIVILSTGHISGAHLNPSLTIAFAALRHFPWVQVPAYIAAQVSASICASFALKGVFHPFMSGGVTVPSVSTGQAFALEFIITFNLLFVVTAVATDTRAVGELAGIAVGATVMLNILVAGPSSGGSMNPVRTLGPAVAAGNYRALWVYLVAPTLGAIVGAGTYTAVKLREDEVEAPSQVRSFRR
KAL4651140,MPESEAGTPPVSAPATPGTPAPLFSSLHVDSMSYDRKSMPRCKCLPVNAPTWGHPHTCFTDFPAPDISLTRKLGAEFVGTFILIFGATAGPIVNQKYNGAESLIGNAACAGLAVMVVILSTGHISGAHLNPSLTIAFAALRHFPWIQVPAYIAAQVSASICASFALKGVFHPYMSGGVTVPHVSTGQAFALEFIITFNLLFVVTAVATDTRAVGELAGIAVGATVMLNILMTGPSSGGSMNPVRTLGPAVAAGNYKDLWVYLVAPTLGAIAGAGTYTLVKLREEDVVEPPRQVRSFRR,298,-----------------------------------MPESEAGTPPVSAPATPGTPAPLFSSLHVDSMSYDRKSMPRCKCLPVNAPTWGHPHTCFTDFPAPDISLTRKLGAEFVGTFILIFGATAGPIVNQKYNGAESLIGNAACAGLAVMVVILSTGHISGAHLNPSLTIAFAALRHFPWIQVPAYIAAQVSASICASFALKGVFHPYMSGGVTVPHVSTGQAFALEFIITFNLLFVVTAVATDTRAVGELAGIAVGATVMLNILMTGPSSGGSMNPVRTLGPAVAAGNYKDLWVYLVAPTLGAIAGAGTYTLVKLREEDVVEPPRQVRSFRR
CAK9310808,MPESDSGTPVASAPATPGTPGGPLFSGLRVDSLSYDRKSMPRCKCLPVNAPTWGQPHTCFTDFPAPDVSLTRKLGAEFVGTFILIFAATAGPIVNQKYNGVETLIGNAACAGLAVMIVILSTGHISGAHLNPSLTIAFAALRHFPWVQVPAYIAAQVSASICASFALKGVFHPFMSGGVTVPSVSTGQAFALEFIITFNLLFVVTAVATDTRAVGELAGIAVGATVMLNILVAGPSSGGSMNPVRTLGPAVAAGNYRALWVYLVAPTLGAILGAGTYTAVKLRDDEVDAPSQVRSFRR,298,-----------------------------------MPESDSGTPVASAPATPGTPGGPLFSGLRVDSLSYDRKSMPRCKCLPVNAPTWGQPHTCFTDFPAPDVSLTRKLGAEFVGTFILIFAATAGPIVNQKYNGVETLIGNAACAGLAVMIVILSTGHISGAHLNPSLTIAFAALRHFPWVQVPAYIAAQVSASICASFALKGVFHPFMSGGVTVPSVSTGQAFALEFIITFNLLFVVTAVATDTRAVGELAGIAVGATVMLNILVAGPSSGGSMNPVRTLGPAVAAGNYRALWVYLVAPTLGAILGAGTYTAVKLRDDEVDAPSQVRSFRR
KAK1564516,MPESEAGTPTASAPATPGTPGGPLISSLRVDSLSYDRKSMPRCKCLPASVTAPSWGQSHTCFTDFPAPDVSLTRKLGAEFVGTFILIFAATAAPIVNQKYNHAETLIGNAASAGLAVMVIILSTGHISGAHLNPSLTIAFAALRHFPWVQVPAYIAAQVSASICASFALKGVFHPFMSGGVTVPSVSTGQAFALEFLITFNLLFVVTAVATDTRAVGELAGIAVGATVMLNILIAGPSSGGSMNPVRTLGPAVAAGNYKSLWIYILAPTLGALAGAGTYTAVKLREDEVTDPPRQVRSFRR,301,--------------------------------MPESEAGTPTASAPATPGTPGGPLISSLRVDSLSYDRKSMPRCKCLPASVTAPSWGQSHTCFTDFPAPDVSLTRKLGAEFVGTFILIFAATAAPIVNQKYNHAETLIGNAASAGLAVMVIILSTGHISGAHLNPSLTIAFAALRHFPWVQVPAYIAAQVSASICASFALKGVFHPFMSGGVTVPSVSTGQAFALEFLITFNLLFVVTAVATDTRAVGELAGIAVGATVMLNILIAGPSSGGSMNPVRTLGPAVAAGNYKSLWIYILAPTLGALAGAGTYTAVKLREDEVTDPPRQVRSFRR
XP_059456367,MPESEAGTPPVSAPATPGTPAPLFTSLRVDSLSYDRNSMPRCKCLPVNAPTWGQPHTCFTDFAAPDVSLTRKLGAEFVGTFILIFMATAGPIVNQKYNGAETLIGNAACAGLAVMVVILSTGHISGAHLNPSLTIAFATLRHFPWLQVPAYIAAQVSGSICASFALKGVFHPYMSGGVTVPSVTTGQAFALEFIITFNLLFVVTAVATDTRAVGELAGIAVGATVLLNILVAGPTTGGSMNPVRTLGPAVAAGNYKSLWIYLVAPTLGALTGAGTYTAVKLREDEVEAPRQVRSFRR,297,------------------------------------MPESEAGTPPVSAPATPGTPAPLFTSLRVDSLSYDRNSMPRCKCLPVNAPTWGQPHTCFTDFAAPDVSLTRKLGAEFVGTFILIFMATAGPIVNQKYNGAETLIGNAACAGLAVMVVILSTGHISGAHLNPSLTIAFATLRHFPWLQVPAYIAAQVSGSICASFALKGVFHPYMSGGVTVPSVTTGQAFALEFIITFNLLFVVTAVATDTRAVGELAGIAVGATVLLNILVAGPTTGGSMNPVRTLGPAVAAGNYKSLWIYLVAPTLGALTGAGTYTAVKLREDEVEAPRQVRSFRR
KAI9174370,MPESEAGTPTASAPATPGTPGGPLISSLRVDSLSYDRKSMPRCKCLPVSVTAPSWGQSHTCFTDFPAPDVSLTRKLGAEFVGTFILIFAATAAPIVNQKYNHAETLIGNAASAGLAVMVIILSTGHISGAHLNPSLTIAFAALRHFPWVQVPAYIAAQVSASICASFALKGVFHPFMSGGVTVPSVSTGQAFALEFLITFNLLFVVTAVATDTRAVGELAGIAVGATVMLNILIAGPSSGGSMNPVRTLGPAVAAGNYKSLWIYILAPTLGALAGAGTYTAVKLREDEVTDPPRQVRSFRR,301,--------------------------------MPESEAGTPTASAPATPGTPGGPLISSLRVDSLSYDRKSMPRCKCLPVSVTAPSWGQSHTCFTDFPAPDVSLTRKLGAEFVGTFILIFAATAAPIVNQKYNHAETLIGNAASAGLAVMVIILSTGHISGAHLNPSLTIAFAALRHFPWVQVPAYIAAQVSASICASFALKGVFHPFMSGGVTVPSVSTGQAFALEFLITFNLLFVVTAVATDTRAVGELAGIAVGATVMLNILIAGPSSGGSMNPVRTLGPAVAAGNYKSLWIYILAPTLGALAGAGTYTAVKLREDEVTDPPRQVRSFRR
MBA0583795,MDLYYIMQLGAEFVGTFILIFAATAGPIVNQKYSGAETLLGNAACAGLAVMIIILSTGHISGAHLNPSLTIAFAACRHFPWTQVPAYIAAQVSASICASFALKGVFHPFMSGGVTVPSVSHGQAFALEFLITFNLLFVVTAVATDTRAVGELAGIAVGATVMLNILVAGPSSGGSMNPVRTLGPAVAAGNYRALWIYLIAPTLGAVIGSATYTLVKLREDEVDAPRQVRSFRR,233,----------------------------------------------------------------------------------------------------MDLYYIMQLGAEFVGTFILIFAATAGPIVNQKYSGAETLLGNAACAGLAVMIIILSTGHISGAHLNPSLTIAFAACRHFPWTQVPAYIAAQVSASICASFALKGVFHPFMSGGVTVPSVSHGQAFALEFLITFNLLFVVTAVATDTRAVGELAGIAVGATVMLNILVAGPSSGGSMNPVRTLGPAVAAGNYRALWIYLIAPTLGAVIGSATYTLVKLREDEVDAPRQVRSFRR
CAK9167475,MVLAQLGAEFVGTFILIFAATAGPIVNQKYHGAETLIGNAACAGLAVMIVILSTGHISGAHLNPSLTIAFAALRHFPWVQVPAYVAAQVSGSICASFALKGVFHPFMSGGTTVPSVSTGQAFALEFLITFNLLFVVTAVATDTRAVGELAGIAVGATVMLNILVAGPSSGGSMNPVRTLGPAVAAGNYKSIWIYLVAPTLGAITGAAIYSAVKLRGDEGDPPRQVRSFRR,230,-------------------------------------------------------------------------------------------------------MVLAQLGAEFVGTFILIFAATAGPIVNQKYHGAETLIGNAACAGLAVMIVILSTGHISGAHLNPSLTIAFAALRHFPWVQVPAYVAAQVSGSICASFALKGVFHPFMSGGTTVPSVSTGQAFALEFLITFNLLFVVTAVATDTRAVGELAGIAVGATVMLNILVAGPSSGGSMNPVRTLGPAVAAGNYKSIWIYLVAPTLGAITGAAIYSAVKLRGDEGDPPRQVRSFRR
KAL6182730,MPEYEPGTPPVSAPPTPGTPAPLFSGLVGRVDSLSYDRKSMPRCNSCLPVNAPTWGQPHTCFTDFPSPDVSLTRKIGAEFVGTFILMFAATAGPIVNQKYNGAESLIGNAACAGLGVMIVILSTGHISGAHLNPSLTIAFACLRHFPWTQVPAYIAAQVSASICACFALKGVYHPYMSGGVTVPSVSDGQAFALEFIITFNLLFVVTAVATDTRAVGELAGLAVGATVMLNILIAGPSSGGAMNPVRTLGPAVAAGNYRALWIYLVAPTLGALAGAGTYTAVKLQGDEIGAPAREVRSFRR,301,--------------------------------MPEYEPGTPPVSAPPTPGTPAPLFSGLVGRVDSLSYDRKSMPRCNSCLPVNAPTWGQPHTCFTDFPSPDVSLTRKIGAEFVGTFILMFAATAGPIVNQKYNGAESLIGNAACAGLGVMIVILSTGHISGAHLNPSLTIAFACLRHFPWTQVPAYIAAQVSASICACFALKGVYHPYMSGGVTVPSVSDGQAFALEFIITFNLLFVVTAVATDTRAVGELAGLAVGATVMLNILIAGPSSGGAMNPVRTLGPAVAAGNYRALWIYLVAPTLGALAGAGTYTAVKLQGDEIGAPAREVRSFRR
KAF3976089,MPESEVGTPPVSAPATPGTPAPLFSSLHVDSMSYDRKSMPRCKCLPVNAPTWGHPHTCFTDFPAPDISLTRKLGAEFVGTFILIFGATAGPIVNQKYNGAESLIGNAACAGLAVMVVILSTGHISGAHLNPSLTIAFAVLRHFPWIQVPAYIAAQVSASICASFALKGAFHPYMSGGVTVPHVSTGQAFALEFIITFNLLFVVTAVATDTRAVGELAGIAVGATVMLNILMTGPSSGGSMNPVRTLGPAVAAGNYKDLWVYLVAPTLGAIAGAGTYTLVKLRDEDVAEPPRQVRSFRR,298,-----------------------------------MPESEVGTPPVSAPATPGTPAPLFSSLHVDSMSYDRKSMPRCKCLPVNAPTWGHPHTCFTDFPAPDISLTRKLGAEFVGTFILIFGATAGPIVNQKYNGAESLIGNAACAGLAVMVVILSTGHISGAHLNPSLTIAFAVLRHFPWIQVPAYIAAQVSASICASFALKGAFHPYMSGGVTVPHVSTGQAFALEFIITFNLLFVVTAVATDTRAVGELAGIAVGATVMLNILMTGPSSGGSMNPVRTLGPAVAAGNYKDLWVYLVAPTLGAIAGAGTYTLVKLRDEDVAEPPRQVRSFRR
XP_061980628,MPESEAGTPAVSAPNTPGTPGGPLFTGLRVDSLSYSDRKIMPKCKCLPVTAPTWGQPHTCFLDFPAPDVSLTRKLGAEFVGTFILIFAATAGPIVNQKYNNAETLIGNAACAGLAVMIIILSTGHISGAHLNPSLTIAFAALRHFPWVQVPAYIAAQVSASICASFALKGVFHPFMSGGVTVPSVSTGQAFALEFLITFNLLFVVTAVATDTRAVGELAGIAVGATVMLNILVAGPSSGGSMNPVRTLGPAVAAGTYKEMWIYLVAPTLGALAGAGTYTAVKLREEEADPPRQVRSFRR,299,----------------------------------MPESEAGTPAVSAPNTPGTPGGPLFTGLRVDSLSYSDRKIMPKCKCLPVTAPTWGQPHTCFLDFPAPDVSLTRKLGAEFVGTFILIFAATAGPIVNQKYNNAETLIGNAACAGLAVMIIILSTGHISGAHLNPSLTIAFAALRHFPWVQVPAYIAAQVSASICASFALKGVFHPFMSGGVTVPSVSTGQAFALEFLITFNLLFVVTAVATDTRAVGELAGIAVGATVMLNILVAGPSSGGSMNPVRTLGPAVAAGTYKEMWIYLVAPTLGALAGAGTYTAVKLREEEADPPRQVRSFRR
KAJ6332670,MCTQLGAEFVGTFILIFMATAGPIVNQKYDNAETLIGNAACAGLAVMIIILSTGHISGAHLNPSLTIAFAALRHFPWVQVPAYIAAQVSASICASFALKGVFHPFMSGGVTVPSVSVGQAFALEFFITFNLLFVVTAVATDTRAVGELAGIAVGATVMLNILVAGPSSGGSMNPVRTLGPAVAAGNYKHIWIYLVAPTLGAICGAGTYTAVKLREDEVDPPRQVRSFRHH,230,-------------------------------------------------------------------------------------------------------MCTQLGAEFVGTFILIFMATAGPIVNQKYDNAETLIGNAACAGLAVMIIILSTGHISGAHLNPSLTIAFAALRHFPWVQVPAYIAAQVSASICASFALKGVFHPFMSGGVTVPSVSVGQAFALEFFITFNLLFVVTAVATDTRAVGELAGIAVGATVMLNILVAGPSSGGSMNPVRTLGPAVAAGNYKHIWIYLVAPTLGAICGAGTYTAVKLREDEVDPPRQVRSFRHH
XP_004145889,MPESESGTPVASAPATPGTPGGPLFSGLRVDSLSYDRKSMPRCKCLPVNAPTWGQPHTCFTDFPAPDVSLTRKLGAEFVGTFILIFAATAGPIVNQKYNGVETLIGNAACAGLAVMIVILSTGHISGAHLNPSLTIAFAALRHFPWVQVPAYIAAQVSASICASFALKGVFHPFMSGGVTVPSVSIGQAFALEFIITFNLLFVVTAVATDTRAVGELAGIAVGATVMLNILVAGPSSGGSMNPVRTLGPAVAAGNYKALWVYLVAPTLGAIIGAGTYTAVKLRDDEVDAPSQVRSFRR,298,-----------------------------------MPESESGTPVASAPATPGTPGGPLFSGLRVDSLSYDRKSMPRCKCLPVNAPTWGQPHTCFTDFPAPDVSLTRKLGAEFVGTFILIFAATAGPIVNQKYNGVETLIGNAACAGLAVMIVILSTGHISGAHLNPSLTIAFAALRHFPWVQVPAYIAAQVSASICASFALKGVFHPFMSGGVTVPSVSIGQAFALEFIITFNLLFVVTAVATDTRAVGELAGIAVGATVMLNILVAGPSSGGSMNPVRTLGPAVAAGNYKALWVYLVAPTLGAIIGAGTYTAVKLRDDEVDAPSQVRSFRR
KAA0042616,MPRCKCLPVNAPTWGQPHTCFTDFPAPDLGAEFVGTFILIFAATAGPIVNQKYNGVETLIGNAACAGLAVMIVILSTGHISGAHLNPSLTIAFAALRHFPWVQVPAYIAAQVSASICASFALKGVFHPFMSGGVTVPSVSTGQAFALEFIITFNLLFVVTAVATDTRAVGELAGIAVGATVMLNILVAGPSSGGSMNPVRTLGPAVAAGNYRALWVYLVAPTLGAIIGAGTYTAVKLRDDEVEAPSQVRSFRR,253,--------------------------------------------------------------------------------MPRCKCLPVNAPTWGQPHTCFTDFPAPDLGAEFVGTFILIFAATAGPIVNQKYNGVETLIGNAACAGLAVMIVILSTGHISGAHLNPSLTIAFAALRHFPWVQVPAYIAAQVSASICASFALKGVFHPFMSGGVTVPSVSTGQAFALEFIITFNLLFVVTAVATDTRAVGELAGIAVGATVMLNILVAGPSSGGSMNPVRTLGPAVAAGNYRALWVYLVAPTLGAIIGAGTYTAVKLRDDEVEAPSQVRSFRR
TXG50159,MPESEAGTPTASAPATPGTPGGPLISSLRVDSLSYDRKSMPRCKCLPVSVTAPSWGQSHTCFTDFPAPDVSLTRKLGAEFVGTFILIFAATAAPIVNQKYNNAETLIGNAASAGLAVMVIILSTGHISGAHLNPSLTIAFAALRHFPWAQVPAYIAAQVSASICASFALKGVFHPFMSGGVTVPSVSTGQAFALEFLITFNLLFVVTAVATDTRAVGELAGIAVGATVMLNILIAGPSSGGSMNPVRTLGPAVAAGNYKSLWIYILAPTLGALAGAGTYTAVKLREDEVTDPPRQVRSFRR,301,--------------------------------MPESEAGTPTASAPATPGTPGGPLISSLRVDSLSYDRKSMPRCKCLPVSVTAPSWGQSHTCFTDFPAPDVSLTRKLGAEFVGTFILIFAATAAPIVNQKYNNAETLIGNAASAGLAVMVIILSTGHISGAHLNPSLTIAFAALRHFPWAQVPAYIAAQVSASICASFALKGVFHPFMSGGVTVPSVSTGQAFALEFLITFNLLFVVTAVATDTRAVGELAGIAVGATVMLNILIAGPSSGGSMNPVRTLGPAVAAGNYKSLWIYILAPTLGALAGAGTYTAVKLREDEVTDPPRQVRSFRR
XP_022957899,MPESESGTPVPSAPATPGTPGGPLFSGLRVDSLSYDRKSMPRCKCLPVNAPTWGQPHTCFTDFPVPDVSLTRKLGAEFVGTFILIFAATAGPIVNQKYNGAETLIGNAACAGLAVMIVILSTGHISGAHLNPSLTIAFAALRHFPWVQVPAYIAAQVSASICASFALKGVFHPFMSGGVTVPSVSTGQAFALEFFITFNLLFVVTAVATDTRAVGELAGIAVGATVMVNILVAGPSSGGSMNPVRTLGPAVAAGNYRALWVYLVAPTLGAIVGAGTYTAVKLRDDEVDAPSQVRSFRR,298,-----------------------------------MPESESGTPVPSAPATPGTPGGPLFSGLRVDSLSYDRKSMPRCKCLPVNAPTWGQPHTCFTDFPVPDVSLTRKLGAEFVGTFILIFAATAGPIVNQKYNGAETLIGNAACAGLAVMIVILSTGHISGAHLNPSLTIAFAALRHFPWVQVPAYIAAQVSASICASFALKGVFHPFMSGGVTVPSVSTGQAFALEFFITFNLLFVVTAVATDTRAVGELAGIAVGATVMVNILVAGPSSGGSMNPVRTLGPAVAAGNYRALWVYLVAPTLGAIVGAGTYTAVKLRDDEVDAPSQVRSFRR
GAY39865,MQVGAEFVGTFILIFAATAGPIVNQKYSGAETLIGNAACAGLAVMIIILSTGHISGAHLNPSLTIAFAALRHFPWVQVPAYIMAQVSASICASFALKAVFHPFMSGGVTVPSVNTGQAFALEFLITFNLLFVVTAVATDTRAVGELAGIAVGATVMLNILIAGPSSGGSMNPVRTLGPAVAAGNYEKLWIFLLAPTLGALAGATTYTVVKLRDNETDPPREARSFRR,227,----------------------------------------------------------------------------------------------------------MQVGAEFVGTFILIFAATAGPIVNQKYSGAETLIGNAACAGLAVMIIILSTGHISGAHLNPSLTIAFAALRHFPWVQVPAYIMAQVSASICASFALKAVFHPFMSGGVTVPSVNTGQAFALEFLITFNLLFVVTAVATDTRAVGELAGIAVGATVMLNILIAGPSSGGSMNPVRTLGPAVAAGNYEKLWIFLLAPTLGALAGATTYTVVKLRDNETDPPREARSFRR
XP_008437497,MPESESGTPVASAPATPGTPGGPLFSGLRVDSLSYDRKSMPRCKCLPVNAPTWGQPHTCFTDFPAPDVSLTRKLGAEFVGTFILIFAATAGPIVNQKYNGVETLIGNAACAGLAVMIVILSTGHISGAHLNPSLTIAFAALRHFPWVQVPAYIAAQVSASICASFALKGVFHPFMSGGVTVPSVSTGQAFALEFIITFNLLFVVTAVATDTRAVGELAGIAVGATVMLNILVAGPSSGGSMNPVRTLGPAVAAGNYRALWVYLVAPTLGAIIGAGTYTAVKLRDDEVEAPSQVRSFRR,298,-----------------------------------MPESESGTPVASAPATPGTPGGPLFSGLRVDSLSYDRKSMPRCKCLPVNAPTWGQPHTCFTDFPAPDVSLTRKLGAEFVGTFILIFAATAGPIVNQKYNGVETLIGNAACAGLAVMIVILSTGHISGAHLNPSLTIAFAALRHFPWVQVPAYIAAQVSASICASFALKGVFHPFMSGGVTVPSVSTGQAFALEFIITFNLLFVVTAVATDTRAVGELAGIAVGATVMLNILVAGPSSGGSMNPVRTLGPAVAAGNYRALWVYLVAPTLGAIIGAGTYTAVKLRDDEVEAPSQVRSFRR
ALK82490,MYTQLGAEFVGTFILIFMATAGPIVDQKYNNAETLIGNAACAGLAVMIIILSTGHISGAHLNPSLTIAFAALRHFPWVQVPAYIAAQVSASICASFALKGVFHPFMSGGVTVPSVSVGQAFALEFFITFNLLFVVTAVATDTRAVGELAGIAVGATVMLNILVAGPSSGGSMNPVRTLGPAVAAGNYKHIWIYLVAPTLGAICGAGTYTAVKLREDEVDPPRQVPSFRQP,230,-------------------------------------------------------------------------------------------------------MYTQLGAEFVGTFILIFMATAGPIVDQKYNNAETLIGNAACAGLAVMIIILSTGHISGAHLNPSLTIAFAALRHFPWVQVPAYIAAQVSASICASFALKGVFHPFMSGGVTVPSVSVGQAFALEFFITFNLLFVVTAVATDTRAVGELAGIAVGATVMLNILVAGPSSGGSMNPVRTLGPAVAAGNYKHIWIYLVAPTLGAICGAGTYTAVKLREDEVDPPRQVPSFRQP
XP_075645089,MPESEAGTPPVSAPATPGTPAPLFSSLHVDSMSYDRKSMPRCKCLPVNAPTWGHPHTCFTDFPAPDISLTRKLGAEFVGTFILIFGATAGPIVNQKYNGVESLIGNAACAGLAVMVVILSTGHISGAHLNPSLTIAFAALRHFPWIQVPAYIAAQVSASICASFALKGVFHPYMSGGVTVPHVSTGQAFALEFIITFNLLFVVTAVATDTRAVGELAGIAVGATVMLNILMTGPSSGGSMNPVRTLGPAVAAGNYKDLWVYLVAPTLGAIAGAGTYTLVKLREEDVVEPPRQVRSFRR,298,-----------------------------------MPESEAGTPPVSAPATPGTPAPLFSSLHVDSMSYDRKSMPRCKCLPVNAPTWGHPHTCFTDFPAPDISLTRKLGAEFVGTFILIFGATAGPIVNQKYNGVESLIGNAACAGLAVMVVILSTGHISGAHLNPSLTIAFAALRHFPWIQVPAYIAAQVSASICASFALKGVFHPYMSGGVTVPHVSTGQAFALEFIITFNLLFVVTAVATDTRAVGELAGIAVGATVMLNILMTGPSSGGSMNPVRTLGPAVAAGNYKDLWVYLVAPTLGAIAGAGTYTLVKLREEDVVEPPRQVRSFRR
KAI4372151,MPESPTAVSAPATPGTPAPLFPGRVDSLSYERKSMPRCKCLPVNAPTWGEPHTCFTDFPAPDISLTRKLGAEFVGTFILIFAATAGPIVNQKYTGSETLIGNAACAGLAVMIIILSTGHISGAHLNPSLTIAFAALRHFPWVQVPAYIAAQVSASICASFALKGVFHPYMSGGVTVPSVSHGQAFALEFLITFNLLFVVTAVATDTRAVGELAGIAVGATVMLNILVAGPSSGGSMNPVRTLGPAVAAGNYRALWIYLVAPTLGALAGAGTYTVVKLREDEVETPRPVRSFRR,293,----------------------------------------MPESPTAVSAPATPGTPAPLFPGRVDSLSYERKSMPRCKCLPVNAPTWGEPHTCFTDFPAPDISLTRKLGAEFVGTFILIFAATAGPIVNQKYTGSETLIGNAACAGLAVMIIILSTGHISGAHLNPSLTIAFAALRHFPWVQVPAYIAAQVSASICASFALKGVFHPYMSGGVTVPSVSHGQAFALEFLITFNLLFVVTAVATDTRAVGELAGIAVGATVMLNILVAGPSSGGSMNPVRTLGPAVAAGNYRALWIYLVAPTLGALAGAGTYTVVKLREDEVETPRPVRSFRR
KAG5255359,MPESEAGTPAVSAPNTPGTPGGPLFTGLRVDSLSYSDRKIMPKCKCLPVNAPTWGQPHTCFLDFPAPDVSLTRKLGAEFVGTFILIFAATAGPIVNQKYNNAETLIGNAACAGLAVMIIILSTGHISGAHLNPSLTIAFAALRHFPWVQVPAYIAAQVSASICASFALKGVFHPFMSGGVTVPSVSTGQAFALEFLITFNLLFVVTAVATDTRAVGELAGIAVGATVMLNILVAGPSSGGSMNPVRTLGPAVAAGNYKDIWIYLVAPTLGALVGAATYTAVKLRDEEADPPRQARSFRR,299,----------------------------------MPESEAGTPAVSAPNTPGTPGGPLFTGLRVDSLSYSDRKIMPKCKCLPVNAPTWGQPHTCFLDFPAPDVSLTRKLGAEFVGTFILIFAATAGPIVNQKYNNAETLIGNAACAGLAVMIIILSTGHISGAHLNPSLTIAFAALRHFPWVQVPAYIAAQVSASICASFALKGVFHPFMSGGVTVPSVSTGQAFALEFLITFNLLFVVTAVATDTRAVGELAGIAVGATVMLNILVAGPSSGGSMNPVRTLGPAVAAGNYKDIWIYLVAPTLGALVGAATYTAVKLRDEEADPPRQARSFRR
XP_022996063,MPESESGTPVPSAPATPGTPGGPLFSGLRVDSLSYDRKSMPRCKCLPVNAPTWGQPHTCFTDFPVPDVSLTRKLGAEFVGTFILIFAATAGPIVNQKYNGAETLIGNAACAGMAVMIVILSTGHISGAHLNPSLTIAFAALRHFPWIQVPAYIAAQVSASICASFALKGVFHPFMSGGVTVPSVSTGQAFALEFFITFNLLFVVTAVATDTRAVGELAGIAVGATVMVNILVAGPSSGGSMNPVRTLGPAVAAGNYRALWVYLVAPTLGAIVGAGTYTAVKLRDDEVDAPSQVRSFRR,298,-----------------------------------MPESESGTPVPSAPATPGTPGGPLFSGLRVDSLSYDRKSMPRCKCLPVNAPTWGQPHTCFTDFPVPDVSLTRKLGAEFVGTFILIFAATAGPIVNQKYNGAETLIGNAACAGMAVMIVILSTGHISGAHLNPSLTIAFAALRHFPWIQVPAYIAAQVSASICASFALKGVFHPFMSGGVTVPSVSTGQAFALEFFITFNLLFVVTAVATDTRAVGELAGIAVGATVMVNILVAGPSSGGSMNPVRTLGPAVAAGNYRALWVYLVAPTLGAIVGAGTYTAVKLRDDEVDAPSQVRSFRR
XP_010251728,MAEENGTPTRSAPATPGTPGGPLFSANRVDSLSYERSDRKTMPRCKCFPVGDPALGSTHSCFTDIPTPDVSLTRKLGAEFVGTFILMFAATAGPIVNQKYNGAETLIGNAACAGLGVMVVILSTGHLSGAHLNPSLTIAFAVFRHFPWVQVPAYIVAQVSASICASFALKGVFHPYLSGGVTVPSVSHGQAFALEFIITFNLLFVVTAVATDTRAVGELAGIAVGATVMLNILIAGPSSGGSMNPVRTLGPAVAAGNYRALWVYLVAPTLGAVAGAGVYTLVKLREDEVEPSRPVRSFRR,300,---------------------------------MAEENGTPTRSAPATPGTPGGPLFSANRVDSLSYERSDRKTMPRCKCFPVGDPALGSTHSCFTDIPTPDVSLTRKLGAEFVGTFILMFAATAGPIVNQKYNGAETLIGNAACAGLGVMVVILSTGHLSGAHLNPSLTIAFAVFRHFPWVQVPAYIVAQVSASICASFALKGVFHPYLSGGVTVPSVSHGQAFALEFIITFNLLFVVTAVATDTRAVGELAGIAVGATVMLNILIAGPSSGGSMNPVRTLGPAVAAGNYRALWVYLVAPTLGAVAGAGVYTLVKLREDEVEPSRPVRSFRR
KAK2663598,MPESEAGTPTASAPATPGTPGGPLISSLRVDSLSYDRKSMARCKCLPVSVTAPSWGQPHTCFTDFPAPDVSLTRKLGAEFVGTFILIFAATAAPIVNQKYNNAETLIGNAASAGLAVMVIILSTGHISGAHLNPSLTIAFAALRHFPWVQVPVYIAAQVSASICASFALKGVFHPFMSGGVTVPSVSTGQAFALEFLITFNLLFVVTAVATDTRAVGELAGIAVGATVMLNILIAGPSSGGSMNPVRTLGPAVAAGNYRSLWIYILAPTLGAIAGAGTYTAVKLREDEVTDPPRQVRSFRR,301,--------------------------------MPESEAGTPTASAPATPGTPGGPLISSLRVDSLSYDRKSMARCKCLPVSVTAPSWGQPHTCFTDFPAPDVSLTRKLGAEFVGTFILIFAATAAPIVNQKYNNAETLIGNAASAGLAVMVIILSTGHISGAHLNPSLTIAFAALRHFPWVQVPVYIAAQVSASICASFALKGVFHPFMSGGVTVPSVSTGQAFALEFLITFNLLFVVTAVATDTRAVGELAGIAVGATVMLNILIAGPSSGGSMNPVRTLGPAVAAGNYRSLWIYILAPTLGAIAGAGTYTAVKLREDEVTDPPRQVRSFRR
KAJ4711736,MPESETGTPAPSAPATPGTPGGPLISSMRVDSLSYDRKSMPRCKCLPVTAPTWGEPHTCFIDFPAPDVSLTRKIGAEFVGTFILIFAATAAPIVNQKYNGAETLIGNAACAGLAVMIIILSTGHISGAHLNPSLTLAFAALRHFPWVQVPAYIAAQVSASICASFALKGVFHPFMSGGVTIPSVSTGQAFALEFIITFNLLFVVTAVATDTRAVGELAGIAVGATVMLNILVAGPSSGGSMNPVRTLGPAVAVGNYEGLWIYLLAPTLGALAGAGTYTVVKLREDEADPPRQVRSFRR,298,-----------------------------------MPESETGTPAPSAPATPGTPGGPLISSMRVDSLSYDRKSMPRCKCLPVTAPTWGEPHTCFIDFPAPDVSLTRKIGAEFVGTFILIFAATAAPIVNQKYNGAETLIGNAACAGLAVMIIILSTGHISGAHLNPSLTLAFAALRHFPWVQVPAYIAAQVSASICASFALKGVFHPFMSGGVTIPSVSTGQAFALEFIITFNLLFVVTAVATDTRAVGELAGIAVGATVMLNILVAGPSSGGSMNPVRTLGPAVAVGNYEGLWIYLLAPTLGALAGAGTYTVVKLREDEADPPRQVRSFRR
KAJ6332671,MYTQLGAEFVGTFILIFMATAGPIVNQKYDNAETLIGNAACSGLAVMVIILSTGHISGAHLNPSLTIAFAALRHFPWVQVPAYIAAQVSASICASFALKGVFHPFMSGGVTVPSVSVGQAFALEFFITFNLLFVVTAVATDTRAVGELAGIAVGATVMLNILVAGPSSGGSMNPVRTLGPAVAAGNYKHIWIYLVAPTLGAICGAGTYTAVKLREDEVDPPRQVPSFRQP,230,-------------------------------------------------------------------------------------------------------MYTQLGAEFVGTFILIFMATAGPIVNQKYDNAETLIGNAACSGLAVMVIILSTGHISGAHLNPSLTIAFAALRHFPWVQVPAYIAAQVSASICASFALKGVFHPFMSGGVTVPSVSVGQAFALEFFITFNLLFVVTAVATDTRAVGELAGIAVGATVMLNILVAGPSSGGSMNPVRTLGPAVAAGNYKHIWIYLVAPTLGAICGAGTYTAVKLREDEVDPPRQVPSFRQP
XP_058009773,MPESEAGTPTVSAPATPGTPGGPLFSSLRVDSLSYDRKSMPRCKCLPVNAPTWGQSHTCFTDFPSPDVSLTRKLGAEFVGTFILIFAATAGPIVNQKHNGVESLIGNAACAGLAVMIIILSTGHISGAHLNPSLTIAFAALRHFPWMQVPAYIAAQVSASICASFALKGVFHPFMSGGVTVPSVSTGQAFALEFLITFNLLFVVTAVATDTRAVGELAGIAVGATVMLNILVAGPSSGGSMNPVRTLGPAVAAGNYRDLWIYLVAPTLGALAGAGTYTLVKLREDEADPPRPVRSFRR,298,-----------------------------------MPESEAGTPTVSAPATPGTPGGPLFSSLRVDSLSYDRKSMPRCKCLPVNAPTWGQSHTCFTDFPSPDVSLTRKLGAEFVGTFILIFAATAGPIVNQKHNGVESLIGNAACAGLAVMIIILSTGHISGAHLNPSLTIAFAALRHFPWMQVPAYIAAQVSASICASFALKGVFHPFMSGGVTVPSVSTGQAFALEFLITFNLLFVVTAVATDTRAVGELAGIAVGATVMLNILVAGPSSGGSMNPVRTLGPAVAAGNYRDLWIYLVAPTLGALAGAGTYTLVKLREDEADPPRPVRSFRR
XP_030951642,MPESEAGTPPVSAPATPGTPAPLFSSLHVDSMSYDRKSMPRCKCLPVNAPTWGHPHTCFTDFPAPDISLTRKLGAEFVGTFILIFAATAGPIVNQKYNGAESLIGNAACAGLGVMVVILATGHISGAHLNPSLTIAFAVLRHFPWVQVPAYIAAQVSASICACFALKGVFHPYMSGGVTVPTVSTGQAFALEFIITFNLLFVVTAVATDTRAVGELAGIAVGATVMLNILMAGPASGGSMNPVRTLGPAVAAGNYKDLWVFLVAPTLGAITGAGTYTLVKLRHGDVVEPPREVRSFRR,298,-----------------------------------MPESEAGTPPVSAPATPGTPAPLFSSLHVDSMSYDRKSMPRCKCLPVNAPTWGHPHTCFTDFPAPDISLTRKLGAEFVGTFILIFAATAGPIVNQKYNGAESLIGNAACAGLGVMVVILATGHISGAHLNPSLTIAFAVLRHFPWVQVPAYIAAQVSASICACFALKGVFHPYMSGGVTVPTVSTGQAFALEFIITFNLLFVVTAVATDTRAVGELAGIAVGATVMLNILMAGPASGGSMNPVRTLGPAVAAGNYKDLWVFLVAPTLGAITGAGTYTLVKLRHGDVVEPPREVRSFRR
XP_058009772,MPESEAGTPTVSAPATPGTPGGPLFSSLRVDSLSYDRKSMPRCKCLPVNAPTWGQSHTCFTDFPSPDVSLTRKCIYIYIYIYMLKWLVLKLGAEFVGTFILIFAATAGPIVNQKHNGVESLIGNAACAGLAVMIIILSTGHISGAHLNPSLTIAFAALRHFPWMQVPAYIAAQVSASICASFALKGVFHPFMSGGVTVPSVSTGQAFALEFLITFNLLFVVTAVATDTRAVGELAGIAVGATVMLNILVAGPSSGGSMNPVRTLGPAVAAGNYRDLWIYLVAPTLGALAGAGTYTLVKLREDEADPPRPVRSFRR,315,------------------MPESEAGTPTVSAPATPGTPGGPLFSSLRVDSLSYDRKSMPRCKCLPVNAPTWGQSHTCFTDFPSPDVSLTRKCIYIYIYIYMLKWLVLKLGAEFVGTFILIFAATAGPIVNQKHNGVESLIGNAACAGLAVMIIILSTGHISGAHLNPSLTIAFAALRHFPWMQVPAYIAAQVSASICASFALKGVFHPFMSGGVTVPSVSTGQAFALEFLITFNLLFVVTAVATDTRAVGELAGIAVGATVMLNILVAGPSSGGSMNPVRTLGPAVAAGNYRDLWIYLVAPTLGALAGAGTYTLVKLREDEADPPRPVRSFRR
KAK3226917,MPESEAGTPTASAPATPGTPGGPLISSLRVDSLSYDRKSMPRCKCLPVTAPSWGQTHTCFTDFPTPDVSLTRKLGAEFVGTFILIFAATAAPIVNQKYNNAETLIGNAASAGLAVMVIILSTGHISGAHLNPSLTIAFAALRHFPWVQVPAYIAAQVSASICASFALKGVFHPFMSGGVTVPSVSTSQAFALEFLITFNLLFVVTAVATDTRAVGELAGIAVGATVMLNILIAGPSSGGSMNPVRTLGPAVAAGNYKSLWIYILAPTLGALAGAGIYTAVKLREDEVTDPPRQVRSFRR,299,----------------------------------MPESEAGTPTASAPATPGTPGGPLISSLRVDSLSYDRKSMPRCKCLPVTAPSWGQTHTCFTDFPTPDVSLTRKLGAEFVGTFILIFAATAAPIVNQKYNNAETLIGNAASAGLAVMVIILSTGHISGAHLNPSLTIAFAALRHFPWVQVPAYIAAQVSASICASFALKGVFHPFMSGGVTVPSVSTSQAFALEFLITFNLLFVVTAVATDTRAVGELAGIAVGATVMLNILIAGPSSGGSMNPVRTLGPAVAAGNYKSLWIYILAPTLGALAGAGIYTAVKLREDEVTDPPRQVRSFRR
XP_034914718,MPESEAGTPAVSAPNTPGTPGGPLFTGLRVDSLSYSDRKIMPKCKCLPVTAPTWGQPHTCFLDFPAPDVSLTRKLGAEFVGTFILIFAATAGPIVNQKYNNAETLIGNAACAGLAVMIIILSTGHISGAHLNPSLTIAFAALRHFPWVQVPAYIAAQVSASICASFALKGVFHPFMSGGVTVPSVSTGQAFALEFLITFNLLFVVTAVATDTRAVGELAGIAVGATVMLNILVAGPSSGGSMNPVRTLGPAVAAGTYKEIWIYLVAPTLGALVGAATYTAVKLREEEADPPRQVRSFRR,299,----------------------------------MPESEAGTPAVSAPNTPGTPGGPLFTGLRVDSLSYSDRKIMPKCKCLPVTAPTWGQPHTCFLDFPAPDVSLTRKLGAEFVGTFILIFAATAGPIVNQKYNNAETLIGNAACAGLAVMIIILSTGHISGAHLNPSLTIAFAALRHFPWVQVPAYIAAQVSASICASFALKGVFHPFMSGGVTVPSVSTGQAFALEFLITFNLLFVVTAVATDTRAVGELAGIAVGATVMLNILVAGPSSGGSMNPVRTLGPAVAAGTYKEIWIYLVAPTLGALVGAATYTAVKLREEEADPPRQVRSFRR
VFU23734,MPEAEEVATPVATAPNTPGTPGGPLFSGLRVDSLSYSDRKIMPKCKCLPVTAPTWGQSHTCFLDFPAPDVSLTRKLGAEFVGTFILIFMATAGPIVNQKYNNAETLIGNAACAGLAVMIIILSTGHISGAHLNPSLTIAFAALRHFPWVQVPAYIAAQVSASICASFALKGVFHPFMSGGVTVPSVSVGQAFALEFFITFNLLFVVTAVATDTRAVGELAGIAVGATVMLNILVAGPSSGGSMNPVRTLGPAVAAGNYKHIWIYLVAPTLGAICGAGTYTAVKLREDEVDPPRQVRSFRHR,301,--------------------------------MPEAEEVATPVATAPNTPGTPGGPLFSGLRVDSLSYSDRKIMPKCKCLPVTAPTWGQSHTCFLDFPAPDVSLTRKLGAEFVGTFILIFMATAGPIVNQKYNNAETLIGNAACAGLAVMIIILSTGHISGAHLNPSLTIAFAALRHFPWVQVPAYIAAQVSASICASFALKGVFHPFMSGGVTVPSVSVGQAFALEFFITFNLLFVVTAVATDTRAVGELAGIAVGATVMLNILVAGPSSGGSMNPVRTLGPAVAAGNYKHIWIYLVAPTLGAICGAGTYTAVKLREDEVDPPRQVRSFRHR
XP_065638058,MPESEAGTPPVSAPATPGTPAPLFSSLHVDSMSYDRKSMPRCKCLPVNAPTWGHPHTCFTDFPAPDISLTRKLGAEFVGTFILIFGATAGPIVNQKYNGAESLIGNAACAGLAVMVVILSTGHISGAHLNPSLTIAFAVLRHFPWVQVPAYIAAQVSASICASFALKGVFHPYMSGGVTVPTISTGQAFALEFIITFNLLFVVTAVATDTRAVGELAGIAVGATVMLNILMAGPASGGSMNPVRTLGPAVAAGNYRDLWVFLVAPTLGAIAGAGTYTLVKLREGDGVEPPREVRSFRR,298,-----------------------------------MPESEAGTPPVSAPATPGTPAPLFSSLHVDSMSYDRKSMPRCKCLPVNAPTWGHPHTCFTDFPAPDISLTRKLGAEFVGTFILIFGATAGPIVNQKYNGAESLIGNAACAGLAVMVVILSTGHISGAHLNPSLTIAFAVLRHFPWVQVPAYIAAQVSASICASFALKGVFHPYMSGGVTVPTISTGQAFALEFIITFNLLFVVTAVATDTRAVGELAGIAVGATVMLNILMAGPASGGSMNPVRTLGPAVAAGNYRDLWVFLVAPTLGAIAGAGTYTLVKLREGDGVEPPREVRSFRR
XP_050377648,MPESEPGTPPVSAPATPGTPAPLFSGLVGRVDSLSYDRKSMPRCNKCLPVNAPTWGQPHSCFTDFPTPDVSLTRKIGAEFVGTFILMFAATAGPIVNQKYDGAESLIGNAACAGLGVMIVILSTGHISGAHLNPSLTIAFACLRHFPWTQVPAYIAAQVSASICACFALKGVYHPFMSGGVTVPSVSDGQAFALEFIITFNLLFVVTAVATDTRAVGELAGLAVGATVMLNILIAGPSSGGSMNPVRTLGPAVAAGNYRALWIYLVAPTLGALAGAGTYTAVKLHDDGIGIPAREVRSFRR,301,--------------------------------MPESEPGTPPVSAPATPGTPAPLFSGLVGRVDSLSYDRKSMPRCNKCLPVNAPTWGQPHSCFTDFPTPDVSLTRKIGAEFVGTFILMFAATAGPIVNQKYDGAESLIGNAACAGLGVMIVILSTGHISGAHLNPSLTIAFACLRHFPWTQVPAYIAAQVSASICACFALKGVYHPFMSGGVTVPSVSDGQAFALEFIITFNLLFVVTAVATDTRAVGELAGLAVGATVMLNILIAGPSSGGSMNPVRTLGPAVAAGNYRALWIYLVAPTLGALAGAGTYTAVKLHDDGIGIPAREVRSFRR
XP_050268749,MPESEAGTPPVSAPATPGTPAPLFSSLHVDSMSYDRKSMPRCKCLPVNAPTWGHPHTCFTDFPAPDISLTRKLGAEFVGTFILIFGATAGPIVNQKYNGAESLIGNAACAGLAVMVVILSTGHISGAHLNPSLTIAFAVLRHFPWVQVPAYIAAQVSASICACFALKGVFHPYMSGGVTVPTVSTGQAFALEFIITFNLLFVVTAVATDTRAVGELAGIAVGATVMLNILMAGPASGGSMNPVRTLGPAVAAGNYKDLWVFLVAPTLGAITGAGTYTLVKLRDGDVVEPPREVRSFRR,298,-----------------------------------MPESEAGTPPVSAPATPGTPAPLFSSLHVDSMSYDRKSMPRCKCLPVNAPTWGHPHTCFTDFPAPDISLTRKLGAEFVGTFILIFGATAGPIVNQKYNGAESLIGNAACAGLAVMVVILSTGHISGAHLNPSLTIAFAVLRHFPWVQVPAYIAAQVSASICACFALKGVFHPYMSGGVTVPTVSTGQAFALEFIITFNLLFVVTAVATDTRAVGELAGIAVGATVMLNILMAGPASGGSMNPVRTLGPAVAAGNYKDLWVFLVAPTLGAITGAGTYTLVKLRDGDVVEPPREVRSFRR
MBA0826347,MQLGAEFVGTFILIFAATAGPIVNQKYSGAETLLGNAACAGLAVMIIILSTGHISGAHLNPSLTIAFAACRHFPWTQVPAYIAAQVSASICASFALKGVFHPFMSGGVTVPSVSHGQAFALEFLITFNLLFVVTAVATDTRAVGELAGIAVGATVMLNILVAGPSSGGSMNPVRTLGPAVAAGNYRALWIYLIAPTLGAVIGSATYTLVKLREDEVDAPRQVRSFRR,227,----------------------------------------------------------------------------------------------------------MQLGAEFVGTFILIFAATAGPIVNQKYSGAETLLGNAACAGLAVMIIILSTGHISGAHLNPSLTIAFAACRHFPWTQVPAYIAAQVSASICASFALKGVFHPFMSGGVTVPSVSHGQAFALEFLITFNLLFVVTAVATDTRAVGELAGIAVGATVMLNILVAGPSSGGSMNPVRTLGPAVAAGNYRALWIYLIAPTLGAVIGSATYTLVKLREDEVDAPRQVRSFRR
KAI6701889,MPESPTAASAPATPGTPAPLFPGMRVDSLSYDRKSMPRCKPIRASAISPAPDISLTRKLGAEFVGTFILIFAAAAGPIVNQKYTNSETLIGNAACAGLAVMIIILATGHISGAHLNPSLTIAFAALRHFPWVQVPAYIAAQVSASICASFALKGVFHPYMSGGVTVPSVSHGQAFALEFLITFNLLFVVTAVATDTRAVGELAGIAVGATVMLNILVAGPTSGGSMNPVRTLGPAVAAGNYRALWIYLVAPTLGALAGAGTYTVVKLRDDEADPPRPVRSFRR,283,--------------------------------------------------MPESPTAASAPATPGTPAPLFPGMRVDSLSYDRKSMPRCKPIRASAISPAPDISLTRKLGAEFVGTFILIFAAAAGPIVNQKYTNSETLIGNAACAGLAVMIIILATGHISGAHLNPSLTIAFAALRHFPWVQVPAYIAAQVSASICASFALKGVFHPYMSGGVTVPSVSHGQAFALEFLITFNLLFVVTAVATDTRAVGELAGIAVGATVMLNILVAGPTSGGSMNPVRTLGPAVAAGNYRALWIYLVAPTLGALAGAGTYTVVKLRDDEADPPRPVRSFRR
AGE09576,MQLGAEFVGTFILIFAATAGPIVNQKYTNSETLIGNAACAGLAVMIIILSTGHISGAHLNPSLTIAFAALRHFPWTQVPAYIAAQVSASICASFALKGVFHPYMSGGVTLPTVGHGQAFALEFLITFNLLFVVTAVATDTRAVGELAGIAVGATVMLNILVAGPSSGGSMNPVRTLGPAVAAGNYRALWIYLVAPTLGALAGAGAYTVVKLRDDETDPPRSVRSFRR,227,----------------------------------------------------------------------------------------------------------MQLGAEFVGTFILIFAATAGPIVNQKYTNSETLIGNAACAGLAVMIIILSTGHISGAHLNPSLTIAFAALRHFPWTQVPAYIAAQVSASICASFALKGVFHPYMSGGVTLPTVGHGQAFALEFLITFNLLFVVTAVATDTRAVGELAGIAVGATVMLNILVAGPSSGGSMNPVRTLGPAVAAGNYRALWIYLVAPTLGALAGAGAYTVVKLRDDETDPPRSVRSFRR
CAK9167476,MPDSEADTPAVSAPATPGTPGAPLFSSLRVDSLSYDRKSMPRCKCLPLDAATWGAPHTCLTNFPAPDVSLTRKLGAEFVGTFILIFAATAGPIVNQKYHGAETLIGNAACAGLAVMIVILSTGHISGAHLNPSLTIAFAALRHFPWVQVPAYVAAQVSGSICASFALKGVFHPFMSGGTTVPSVSTGQAFALEFLITFNLLFVVTAVATDTRAVGELAGIAVGATVMLNILVAGPSSGGSMNPVRTLGPAVAAGNYKSIWIYLVAPTLGAITGAAIYSAVKLRGDEGDPPRQVRSFRR,298,-----------------------------------MPDSEADTPAVSAPATPGTPGAPLFSSLRVDSLSYDRKSMPRCKCLPLDAATWGAPHTCLTNFPAPDVSLTRKLGAEFVGTFILIFAATAGPIVNQKYHGAETLIGNAACAGLAVMIVILSTGHISGAHLNPSLTIAFAALRHFPWVQVPAYVAAQVSGSICASFALKGVFHPFMSGGTTVPSVSTGQAFALEFLITFNLLFVVTAVATDTRAVGELAGIAVGATVMLNILVAGPSSGGSMNPVRTLGPAVAAGNYKSIWIYLVAPTLGAITGAAIYSAVKLRGDEGDPPRQVRSFRR
KAA8526046,MPESETGTPTASAPPTPGTPAPLFSSLRVDSLSYDRKSMPRCKCLPFGGATWGEPHTCFTDFPAPDVSLTRKLGAEFVGTFILIFAATAGPIVNQKYDGAETLIGNAACAGLAVMIVILSTGHISGAHLNPSLTIAFATLRHFPWVQVPAYIAAQVSASICASFALKGVFHPFLSGGVTVPSVSDGQAFALEFIITFNLLFVVTAVATDTRAVGELAGIAVGATVMLNILVAGKTSGGSMNPVRTLGPAVAAGNYKSIWIYLVAPTLGAIAGAGTYTAVKLRADEVDPPRQVRSFRR,297,------------------------------------MPESETGTPTASAPPTPGTPAPLFSSLRVDSLSYDRKSMPRCKCLPFGGATWGEPHTCFTDFPAPDVSLTRKLGAEFVGTFILIFAATAGPIVNQKYDGAETLIGNAACAGLAVMIVILSTGHISGAHLNPSLTIAFATLRHFPWVQVPAYIAAQVSASICASFALKGVFHPFLSGGVTVPSVSDGQAFALEFIITFNLLFVVTAVATDTRAVGELAGIAVGATVMLNILVAGKTSGGSMNPVRTLGPAVAAGNYKSIWIYLVAPTLGAIAGAGTYTAVKLRADEVDPPRQVRSFRR
KAH8518194,MPESEAGTPAVSAPNTPGTPGGPLFTGLRVDSLSYSDRKIMPKCKCLPVTAPTWGQPHTCFLDFPAPDVSLTRKLGAEFVGTFILIFAATAGPIVNQKYNNAETLIGNAACAGLAVMIIILSTGHISGAHLNPSLTIAFAALRHFPWVQVPAYIAAQVSASICASFALKGVFHPFMSGGVTVPSVSTGQAFALEFLITFNLLFVVTAVATDTRAVGELAGIAVGATVMLNILVAGPSSGGSMNPVRTLGPAVAAGTYKEIWIYLVAPTLGALVGAATYTAVKLRDEEADPPRQVRSFRR,299,----------------------------------MPESEAGTPAVSAPNTPGTPGGPLFTGLRVDSLSYSDRKIMPKCKCLPVTAPTWGQPHTCFLDFPAPDVSLTRKLGAEFVGTFILIFAATAGPIVNQKYNNAETLIGNAACAGLAVMIIILSTGHISGAHLNPSLTIAFAALRHFPWVQVPAYIAAQVSASICASFALKGVFHPFMSGGVTVPSVSTGQAFALEFLITFNLLFVVTAVATDTRAVGELAGIAVGATVMLNILVAGPSSGGSMNPVRTLGPAVAAGTYKEIWIYLVAPTLGALVGAATYTAVKLRDEEADPPRQVRSFRR
GFP83896,MPSSLRVDSMSSSFDRKSMPRCKCLPVNAPTWGATHTCSFADLSVPDISLTRKLGAEFVGTFILIFAATAGPIVNQKYNGAETLIGNAACAGLAVMIVILSTGHISGAHLNPSLTIAFAALRHFPWVQVPAYIAAQVSASICASFALKGVFHPFMSGGVTVPSVGTGQAFALEFLITFNLLFVVTAVATDTRAVGELAGIAVGATVMLNILVAGPSSGGSMNPVRTLGPAVATGNYKSIWIYLVAPTLGAVAGAAIYTLVKLRGEDESAEPPRQVRSFRR,280,-----------------------------------------------------MPSSLRVDSMSSSFDRKSMPRCKCLPVNAPTWGATHTCSFADLSVPDISLTRKLGAEFVGTFILIFAATAGPIVNQKYNGAETLIGNAACAGLAVMIVILSTGHISGAHLNPSLTIAFAALRHFPWVQVPAYIAAQVSASICASFALKGVFHPFMSGGVTVPSVGTGQAFALEFLITFNLLFVVTAVATDTRAVGELAGIAVGATVMLNILVAGPSSGGSMNPVRTLGPAVATGNYKSIWIYLVAPTLGAVAGAAIYTLVKLRGEDESAEPPRQVRSFRR
CAN8650738,MTGDYETGTPMSAPATPGTPTPLMTSLRVDSLSYDRKSMPRCKCLPLDAPTWGAPHTCLTLSDFSVPDISLTRKLGAEFVGTFILIFAATAGPIVNQKYNGVESLIGNAACAGLAVMIVILSTGHISGAHLNPSLTIAFAALRHFPWVQVPAYIAAQVSASICASFALKGVFHPFMSGGVTIPSVNTGQAFALEFLITFNLLFVVTAVATDTRAVGELAGIAVGATVMLNILVAGPSSGGSMNPVRTLGPAVAAGNYKSIWIYLVAPTLGAIAGAGIYTLVKLRGDEDEPPRSVRSFRR,299,----------------------------------MTGDYETGTPMSAPATPGTPTPLMTSLRVDSLSYDRKSMPRCKCLPLDAPTWGAPHTCLTLSDFSVPDISLTRKLGAEFVGTFILIFAATAGPIVNQKYNGVESLIGNAACAGLAVMIVILSTGHISGAHLNPSLTIAFAALRHFPWVQVPAYIAAQVSASICASFALKGVFHPFMSGGVTIPSVNTGQAFALEFLITFNLLFVVTAVATDTRAVGELAGIAVGATVMLNILVAGPSSGGSMNPVRTLGPAVAAGNYKSIWIYLVAPTLGAIAGAGIYTLVKLRGDEDEPPRSVRSFRR
KAL9449660,MAESGPGTPAVSTPTTPGTPGGALMSAARVDSLSYERQAKSGFKCLPVTAPSSWGHTNSCSFPDIPVPNVSLTRKVGAEFVGTFILIFAATAGPIVNQKYSGAETLIGNAACAGLAVMIIILSTGHISGAHLNPSLTIAFAALRHFPWVQVPAYIMAQVSASICASFALKAVFHPFMSGGVTVPSVNTGQAFALEFLITFNLLFVVTAVATDTRAVGELAGIAVGATVMLNILIAGPSSGGSMNPVRTLGPAVAAGNYEKLWIFLLAPTLGALAGATTYTVVKLRDNETDPPREARSFRR,300,---------------------------------MAESGPGTPAVSTPTTPGTPGGALMSAARVDSLSYERQAKSGFKCLPVTAPSSWGHTNSCSFPDIPVPNVSLTRKVGAEFVGTFILIFAATAGPIVNQKYSGAETLIGNAACAGLAVMIIILSTGHISGAHLNPSLTIAFAALRHFPWVQVPAYIMAQVSASICASFALKAVFHPFMSGGVTVPSVNTGQAFALEFLITFNLLFVVTAVATDTRAVGELAGIAVGATVMLNILIAGPSSGGSMNPVRTLGPAVAAGNYEKLWIFLLAPTLGALAGATTYTVVKLRDNETDPPREARSFRR
XP_021604309,MPENETGTPTASAPATPGTPGGPLFPSLRIDSLSYDRKSMPRCKCLPVNAPTWGQPHTCFTDFPSPDVSLTRKLGAEFVGTFILIFAATAGPIVNQKYNGAESLIGNAACAGLAVMIIILSTGHISGAHLNPSLTIAFAALRHFPWMQVPAYIAAQVSASICASFALKGVFHPFMSGGVTVPSVGVGQAFALEFLITFNLLFVVTAVATDTRAVGELAGIAVGATVMLNILVAGPSSGGSMNPVRTLGPAVAAGNYRDLWIYLVAPTLGAVAGAGTYTLVKLRDDEADPPRQVRSFRR,298,-----------------------------------MPENETGTPTASAPATPGTPGGPLFPSLRIDSLSYDRKSMPRCKCLPVNAPTWGQPHTCFTDFPSPDVSLTRKLGAEFVGTFILIFAATAGPIVNQKYNGAESLIGNAACAGLAVMIIILSTGHISGAHLNPSLTIAFAALRHFPWMQVPAYIAAQVSASICASFALKGVFHPFMSGGVTVPSVGVGQAFALEFLITFNLLFVVTAVATDTRAVGELAGIAVGATVMLNILVAGPSSGGSMNPVRTLGPAVAAGNYRDLWIYLVAPTLGAVAGAGTYTLVKLRDDEADPPRQVRSFRR
XP_038687926,MGDLEPATPVSAPATPGTPGGPLISAARVDSLSYERKSMPRCKCFPVTAPTWGESHAAACFTDFPAPDVSLTRKIGAEFVGTFILIFAAAAGPIVNQKYNGAETLIGNAACAGLAVMIIILATGHISGAHLNPSLTIAFAALRHFPWTQVPAYIAAQVSASICASFALKGAFHPFMAGGVTVPSVRLGQAFALEFVITFNLLFVVTAVATDTRAVGELAGIAVGATVMLNILIAGPSSGGSMNPVRTLGPAVAAGNYRALWIYLVAPTLGALAGAATYTAVKLRADEANPPRQARSFRR,299,----------------------------------MGDLEPATPVSAPATPGTPGGPLISAARVDSLSYERKSMPRCKCFPVTAPTWGESHAAACFTDFPAPDVSLTRKIGAEFVGTFILIFAAAAGPIVNQKYNGAETLIGNAACAGLAVMIIILATGHISGAHLNPSLTIAFAALRHFPWTQVPAYIAAQVSASICASFALKGAFHPFMAGGVTVPSVRLGQAFALEFVITFNLLFVVTAVATDTRAVGELAGIAVGATVMLNILIAGPSSGGSMNPVRTLGPAVAAGNYRALWIYLVAPTLGALAGAATYTAVKLRADEANPPRQARSFRR
XP_002298990,MPESEAGTPAVSAPNTPGTPGGPLFTGLRVDSLSYSDRKIMPKCKCLPVTAPTWGQPHTCFLDFPAPDVSLTRKLGAEFVGTFILIFAATAGPIVNQKYNNAETLIGNAACAGLAVMIIILSTGHISGAHLNPSLTIAFAALRHFPWVQVPAYIAAQVSASICASFALKGVFHPFMSGGVTVPSVSTGQAFALEFLITFNLLFVVTAVATDTRAVGELAGIAVGATVMLNILVAGPSSGGSMNPVRSLGPAVAAGTYKDIWIYLVAPTLGALVGAATYTAVKLREEEADPPRQVRSFRR,299,----------------------------------MPESEAGTPAVSAPNTPGTPGGPLFTGLRVDSLSYSDRKIMPKCKCLPVTAPTWGQPHTCFLDFPAPDVSLTRKLGAEFVGTFILIFAATAGPIVNQKYNNAETLIGNAACAGLAVMIIILSTGHISGAHLNPSLTIAFAALRHFPWVQVPAYIAAQVSASICASFALKGVFHPFMSGGVTVPSVSTGQAFALEFLITFNLLFVVTAVATDTRAVGELAGIAVGATVMLNILVAGPSSGGSMNPVRSLGPAVAAGTYKDIWIYLVAPTLGALVGAATYTAVKLREEEADPPRQVRSFRR
KAL3844966,MADYELGTPGRSAPATPGTPTPLISSMRVDSLSYDRKSMPRCKCLPIDAPTWGAPHTCFTDFSAPDISLTRKLGAEFVGTFILIFAATAGPIVNQKYSGAETLIGNAACAGLAVMIVILSTGHISGAHLNPSLTIAFAALRHFPWTQVPAYIAAQVSASICASFALKGVFHPFMSGGVTVPSVGTGQAFALEFLITFNLLFVVTAVATDTRAVGELAGIAVGATVMLNILVAGPSSGGSMNPVRTLGPAVAAGNYKSIWIYLVAPTLGALAGAAIYTLVKLRGEDEIDAPPRQVRSFRR,299,----------------------------------MADYELGTPGRSAPATPGTPTPLISSMRVDSLSYDRKSMPRCKCLPIDAPTWGAPHTCFTDFSAPDISLTRKLGAEFVGTFILIFAATAGPIVNQKYSGAETLIGNAACAGLAVMIVILSTGHISGAHLNPSLTIAFAALRHFPWTQVPAYIAAQVSASICASFALKGVFHPFMSGGVTVPSVGTGQAFALEFLITFNLLFVVTAVATDTRAVGELAGIAVGATVMLNILVAGPSSGGSMNPVRTLGPAVAAGNYKSIWIYLVAPTLGALAGAAIYTLVKLRGEDEIDAPPRQVRSFRR
KAF9667106,MPESEAGTPAVSAPNTPGTPGGPLFTGLRVDSLSYSDRKIMPKCKCLPVTAPTWGQPHTCFLDFPAPDVSLTRKLGAEFVGTFILIFAATAGPIVNQKYNNAETLIGNAACAGLAVMIIILSTGHISGAHLNPSLTIAFAALRHFPWVQVPAYIAAQVSASICASFALKGVFHPFMSGGVTVPSVSTGQAFALEFLITFNLLFVVTAVATDTRAVGELAGIAVGATVMLNILVAGPSSGGSMNPVRTLGPAVAAGTYKDIWIYLVAPTLGALVGAATYTAVKLRDEEADPPRQVRSFRR,299,----------------------------------MPESEAGTPAVSAPNTPGTPGGPLFTGLRVDSLSYSDRKIMPKCKCLPVTAPTWGQPHTCFLDFPAPDVSLTRKLGAEFVGTFILIFAATAGPIVNQKYNNAETLIGNAACAGLAVMIIILSTGHISGAHLNPSLTIAFAALRHFPWVQVPAYIAAQVSASICASFALKGVFHPFMSGGVTVPSVSTGQAFALEFLITFNLLFVVTAVATDTRAVGELAGIAVGATVMLNILVAGPSSGGSMNPVRTLGPAVAAGTYKDIWIYLVAPTLGALVGAATYTAVKLRDEEADPPRQVRSFRR
ALK82491,MPESEAGTPAVSAPNTPGTPGGPLFTGLRVDSLSYSDRKIMPKCKCLPVNAPTWGQPHTCFLDFPAPDVSLTRKLGAEFVGTFILIFAATAGPIVNQKYNNAETLIGNAACAGLAVMIIILSTGHISGAHLNPSLTIAFAALRHFPWVQVPAYIAAQVSASICASFALKGVFHPFMSGGVTVPSVSTGQAFALEFLITFNLLFVVTAVATDTRAVGELAGIAVGATVMLNILVAGPSSGGSMNPVRTLGPAVAAGTYKDIWIYLVAPTLGALVGAATYTAVKLRDEEADPPRQVRSFRR,299,----------------------------------MPESEAGTPAVSAPNTPGTPGGPLFTGLRVDSLSYSDRKIMPKCKCLPVNAPTWGQPHTCFLDFPAPDVSLTRKLGAEFVGTFILIFAATAGPIVNQKYNNAETLIGNAACAGLAVMIIILSTGHISGAHLNPSLTIAFAALRHFPWVQVPAYIAAQVSASICASFALKGVFHPFMSGGVTVPSVSTGQAFALEFLITFNLLFVVTAVATDTRAVGELAGIAVGATVMLNILVAGPSSGGSMNPVRTLGPAVAAGTYKDIWIYLVAPTLGALVGAATYTAVKLRDEEADPPRQVRSFRR
KAL9446506,MAESEPGTPAVSTPATPGTPGGALMSAARVDSLSYERQAKSGFRCLPVTAPSSWVHPNSCSFPDIPVPNVSLTRKVGAEFVGTFILIFAATAGPIVNQKYSGAETLIGNAACAGLAVMIIILSTGHISGAHLNPSLTIAFAALRHFPWVQVPAYIMAQVSASICASFALKAVFHPFMSGGVTVPSVNTGQAFALEFLITFNLLFVVTAVATDTRAVGELAGIAVGATVMLNILIAGPSSGGSMNPVRTLGPAVAAGNYEKLWIFLLAPTLGALAGATTYTVVKLRDNEADPPREARSFRR,300,---------------------------------MAESEPGTPAVSTPATPGTPGGALMSAARVDSLSYERQAKSGFRCLPVTAPSSWVHPNSCSFPDIPVPNVSLTRKVGAEFVGTFILIFAATAGPIVNQKYSGAETLIGNAACAGLAVMIIILSTGHISGAHLNPSLTIAFAALRHFPWVQVPAYIMAQVSASICASFALKAVFHPFMSGGVTVPSVNTGQAFALEFLITFNLLFVVTAVATDTRAVGELAGIAVGATVMLNILIAGPSSGGSMNPVRTLGPAVAAGNYEKLWIFLLAPTLGALAGATTYTVVKLRDNEADPPREARSFRR
GMD07427,MQLGAEFVGTFILIFAATAGPIVNQKYNGVESLIGNAACAGLAVMIVILSTGHISGAHLNPSLTIAFAAFRHFPWAQVPAYILAQVSASICASFCLKAVFHPIMSGGVTVPSVNLGQAFALEFLITFNLLFVVTAVATDTRAVGELAGIAVGATVMLNILVAGPSSGGSMNPVRTLGPAVAAGNYDSIWIYLVAPTLGALAGAAVYTVVKLQEGEVDEPIRQHRSFRR,228,---------------------------------------------------------------------------------------------------------MQLGAEFVGTFILIFAATAGPIVNQKYNGVESLIGNAACAGLAVMIVILSTGHISGAHLNPSLTIAFAAFRHFPWAQVPAYILAQVSASICASFCLKAVFHPIMSGGVTVPSVNLGQAFALEFLITFNLLFVVTAVATDTRAVGELAGIAVGATVMLNILVAGPSSGGSMNPVRTLGPAVAAGNYDSIWIYLVAPTLGALAGAAVYTVVKLQEGEVDEPIRQHRSFRR
PSS04275,MSELEVGTPTVSAPATPGTPGGPLFSSTRIDSLSYDRKSMPRCKCLPLDAPTWGAPHTWLTDFPAPDISLTRKLGAEFVGTFILIFAATAGPIVNQKYNGAETLIGNAACAGLAVMIVILSTGHISGAHLNPSLTIAFAALRHFPWVQVPGYIAAQVSASICASFALKGVFHPFMSGGVTVPSVSTGQAFVLEFLITFNLLFVVTAVATDTRAVGELAGIAVGATVMLNILVAGPSSGGSMNPVRTLGPAVAAGNYTSIWIYLVAPTLGAVAGAGIYTAVKLQGEDDEPPRQVRSFRR,298,-----------------------------------MSELEVGTPTVSAPATPGTPGGPLFSSTRIDSLSYDRKSMPRCKCLPLDAPTWGAPHTWLTDFPAPDISLTRKLGAEFVGTFILIFAATAGPIVNQKYNGAETLIGNAACAGLAVMIVILSTGHISGAHLNPSLTIAFAALRHFPWVQVPGYIAAQVSASICASFALKGVFHPFMSGGVTVPSVSTGQAFVLEFLITFNLLFVVTAVATDTRAVGELAGIAVGATVMLNILVAGPSSGGSMNPVRTLGPAVAAGNYTSIWIYLVAPTLGAVAGAGIYTAVKLQGEDDEPPRQVRSFRR
KAJ4712345,MPESETGTPGGSAPATPGTPVPLISSMRVDSLSYDRKSMPRCKCLPVTVPTWGQPHTCFTDFPTPNVSLSRKVGAEFVGTFILIFAATAGPIVNQKYNGAETLIGNAACAGLAVMIIILSTGHISGAHLNPSLTIAFAALRHFPWTQVPAYIAAQVSGSICASFALKGVFHPFMSGGVTVPSVSTGQAFALELIITFNLLFVVTAVATDTRAVGELAGIAVGATVMLNILIAGPSSGGSMNPVRTLGPAIAAGNYEKLWIYLAAPTVGAIVGAATYTLVKLRDGEAADPPRQVRSFRR,298,-----------------------------------MPESETGTPGGSAPATPGTPVPLISSMRVDSLSYDRKSMPRCKCLPVTVPTWGQPHTCFTDFPTPNVSLSRKVGAEFVGTFILIFAATAGPIVNQKYNGAETLIGNAACAGLAVMIIILSTGHISGAHLNPSLTIAFAALRHFPWTQVPAYIAAQVSGSICASFALKGVFHPFMSGGVTVPSVSTGQAFALELIITFNLLFVVTAVATDTRAVGELAGIAVGATVMLNILIAGPSSGGSMNPVRTLGPAIAAGNYEKLWIYLAAPTVGAIVGAATYTLVKLRDGEAADPPRQVRSFRR
KAI3439750,MPESPTAASAPATPGTPAPLFPGMRVDSLSYDRKSMPRCKCFPVNAPTWGEPHTCFTDFPVPDISLTRKLGAEFVGTFILIFAAAAGPIVNQKYAGSETLIGNAACAGLAVMIIILSTGHISGAHLNPSLTIAFAALRHFPWVQVPAYIAAQVSASICASFALKGVFHPYMAGGVTLPSVSHGQAFALEFLITFNLLFVVTAVATDTRAVGELAGIAVGATVMLNILVAGPSSGGSMNPVRTLGPAVAAGNYRALWIYLLAPTLGALAGAGTYTVVKLRDDEVDPPRPVRSFRR,294,---------------------------------------MPESPTAASAPATPGTPAPLFPGMRVDSLSYDRKSMPRCKCFPVNAPTWGEPHTCFTDFPVPDISLTRKLGAEFVGTFILIFAAAAGPIVNQKYAGSETLIGNAACAGLAVMIIILSTGHISGAHLNPSLTIAFAALRHFPWVQVPAYIAAQVSASICASFALKGVFHPYMAGGVTLPSVSHGQAFALEFLITFNLLFVVTAVATDTRAVGELAGIAVGATVMLNILVAGPSSGGSMNPVRTLGPAVAAGNYRALWIYLLAPTLGALAGAGTYTVVKLRDDEVDPPRPVRSFRR
XP_006434369,MAESEPGTPAVSTPATPGTPGGALMSAARVDSLSYERQAKSGFKCLPVTAPSSWGHTNSCSFPDIPVPNVSLTRKVGAEFVGTFILIFAATAGPIVNQKYSGAETLIGNAACAGLAVMIIILSTGHISGAHLNPSLTIAFAALRHFPWVQVPAYIMAQVSASICASFALKAVFHPFMSGGVTVPSVNTGQAFALEFLITFNLLFVVTAVATDTRAVGELAGIAVGATVMLNILIAGPSSGGSMNPVRTLGPAVAAGNYEKLWIFLLAPTLGALAGATTYTVVKLRDNETDPPREARSFRR,300,---------------------------------MAESEPGTPAVSTPATPGTPGGALMSAARVDSLSYERQAKSGFKCLPVTAPSSWGHTNSCSFPDIPVPNVSLTRKVGAEFVGTFILIFAATAGPIVNQKYSGAETLIGNAACAGLAVMIIILSTGHISGAHLNPSLTIAFAALRHFPWVQVPAYIMAQVSASICASFALKAVFHPFMSGGVTVPSVNTGQAFALEFLITFNLLFVVTAVATDTRAVGELAGIAVGATVMLNILIAGPSSGGSMNPVRTLGPAVAAGNYEKLWIFLLAPTLGALAGATTYTVVKLRDNETDPPREARSFRR
XP_010054000,MAESPTAASAPPTPGTPAPLFPGMRVDSLSYDRKSMPRCKCLPVTAPTWGEPHSCFTDFPAPDISLTRKLGAEFVGTFILIFAATAGPIVNQKYTNSETLIGNAACAGLAVMIIILSTGHISGAHLNPSLTIAFAALRHFPWTQVPAYIAAQVSASICASFALKGVFHPYMSGGVTLPTVSHGQAFALEFLITFNLLFVVTAVATDTRAVGELAGIAVGATVMLNILVAGPSSGGSMNPVRTLGPAVAAGNYRALWIYLVAPTLGALAGAGTYTVVKLRDDETDPPRPVRSFRR,294,---------------------------------------MAESPTAASAPPTPGTPAPLFPGMRVDSLSYDRKSMPRCKCLPVTAPTWGEPHSCFTDFPAPDISLTRKLGAEFVGTFILIFAATAGPIVNQKYTNSETLIGNAACAGLAVMIIILSTGHISGAHLNPSLTIAFAALRHFPWTQVPAYIAAQVSASICASFALKGVFHPYMSGGVTLPTVSHGQAFALEFLITFNLLFVVTAVATDTRAVGELAGIAVGATVMLNILVAGPSSGGSMNPVRTLGPAVAAGNYRALWIYLVAPTLGALAGAGTYTVVKLRDDETDPPRPVRSFRR
XP_011038068,MPESEPGTPAVSAPNTPGTPGGPLFTGLRVDSLSYSDRKIMPKCKCLPVTAPTWGQPHTCFLDFPAPDVSLTRKLGAEFVGTFILIFAATAAPIVNQKYNSAETLIGNAACAGLAVMIIILSTGHISGAHLNPSLTIAFAALRHFPWVQVPAYIAAQVSASICASFALKGVFHPFMSGGVTVPSVSTGQAFALEFLITFNLLFVVTAVATDTRAVGELAGIAVGATVMLNILVAGPSSGGSMNPVRTLGPAVAAGTYKEIWIYLVAPTLGALAGAATYTAVKLREGEADPPRQVRSFRR,299,----------------------------------MPESEPGTPAVSAPNTPGTPGGPLFTGLRVDSLSYSDRKIMPKCKCLPVTAPTWGQPHTCFLDFPAPDVSLTRKLGAEFVGTFILIFAATAAPIVNQKYNSAETLIGNAACAGLAVMIIILSTGHISGAHLNPSLTIAFAALRHFPWVQVPAYIAAQVSASICASFALKGVFHPFMSGGVTVPSVSTGQAFALEFLITFNLLFVVTAVATDTRAVGELAGIAVGATVMLNILVAGPSSGGSMNPVRTLGPAVAAGTYKEIWIYLVAPTLGALAGAATYTAVKLREGEADPPRQVRSFRR
KAH7560819,MPESEAGTPTASAPATPGTPGGPLISSLRVDSLSYDRKSLPRCKCLPVSVTAPTWGQPNTCFTDFPSPDVSLTRKLGAEFVGTFILIFTATAAPIVNQKYNNAETLIGNAASAGLAVMIIILSTGHISGAHLNPSLTLAFAALRHFPWVQVPAYMAAQISASICASFALKGVFHPFMSGGVTVPSVNTGQAFALEFFITFNLLFVVTAVATDTRAVGELAGIAVGATVMLNILIAGPSSGGSMNPVRTLGPAVAAGNYKSLWIYLLAPTLGALAGAGTYTAVKLREDEVDPPRQVRSFRR,300,---------------------------------MPESEAGTPTASAPATPGTPGGPLISSLRVDSLSYDRKSLPRCKCLPVSVTAPTWGQPNTCFTDFPSPDVSLTRKLGAEFVGTFILIFTATAAPIVNQKYNNAETLIGNAASAGLAVMIIILSTGHISGAHLNPSLTLAFAALRHFPWVQVPAYMAAQISASICASFALKGVFHPFMSGGVTVPSVNTGQAFALEFFITFNLLFVVTAVATDTRAVGELAGIAVGATVMLNILIAGPSSGGSMNPVRTLGPAVAAGNYKSLWIYLLAPTLGALAGAGTYTAVKLREDEVDPPRQVRSFRR
